comb,1,2,3,4,5,6,7,8,9,10,11,12,13,14,15,16,17,18,19,20,21,22,23,24,25,26,27,28,29,30,31,32,33,34,35,36,37,38,39,40,41,42,43,44,45,46,47,48,49,50,51,52,53,54,55,56,57,58,59,60,61,62,63,64,65,66,67,68,69,70,71,72,73,74,75,76,77,78,79,80,81,82,83,84,85,86,87,88,89,90,91,92,93,94,95,96,97,98,99,100,101,102,103,104,105,106,107,108,109,110,111,112,113,114,115,116,117,118,119,120,121,122,123,124,125,126,127,128,129,130,131,132,133,134,135,136,137,138,139,140,141,142,143,144,145,146,147,148,149,150,151,152,153,154,
1,   ,  2,  0,  0,  1,  0,  1,  1,  1,  2,  0,  1,  1,  1,  1,  0,  0,  1,  0,  2,  1,  1,  1,  2,  0,  2,  3,  3,  2,  2,  2,  1,  1,  1,  1,  2,  1,  0,  0,  1,  0,  2,  2,  1,  1,  1,  1,  1,  0,  1,  0,  0,  1,  0,  0,  1,  0,  1,  0,  1,  1,  1,  0,  0,  2,  0,  1,  1,  0,  1,  0,  0,  0,  1,  2,  2,  1,  1,  2,  2,  0,  1,  0,  2,  0,  1,  1,  0,  1,  1,  2,  0,  0,  1,  0,  2,  1,  1,  0,  1,  0,  1,  1,  1,  2,  0,  0,  1,  2,  1,  0,  0,  3,  1,  1,  1,  2,  1,  1,  0,  0,  2,  2,  1,  0,  1,  1,  0,  1,  1,  1,  1,  0,  0,  2,  1,  1,  2,  1,  2,  0,  1,  1,  0,  1,  1,  0,  0,  2,  0,  1,  2,  0,  1,
2,  2,   ,  1,  1,  1,  1,  3,  1,  0,  1,  2,  1,  1,  2,  0,  0,  1,  1,  0,  1,  1,  1,  1,  1,  1,  0,  1,  1,  0,  3,  0,  0,  1,  0,  1,  0,  0,  0,  1,  1,  0,  3,  1,  1,  1,  1,  1,  1,  0,  1,  1,  1,  2,  0,  1,  1,  1,  0,  1,  1,  1,  1,  1,  2,  1,  0,  0,  1,  0,  0,  1,  0,  0,  2,  1,  1,  1,  1,  0,  1,  1,  0,  2,  0,  0,  1,  0,  1,  1,  1,  2,  2,  0,  2,  2,  0,  2,  2,  0,  1,  0,  0,  0,  3,  1,  1,  0,  0,  1,  1,  1,  1,  1,  1,  3,  1,  0,  0,  2,  0,  1,  2,  2,  3,  1,  0,  1,  0,  2,  2,  1,  1,  1,  0,  0,  0,  0,  2,  1,  3,  1,  2,  1,  2,  2,  1,  1,  1,  2,  3,  1,  2,  1,  3,
3,  0,  1,   ,  1,  1,  2,  1,  1,  1,  0,  4,  1,  1,  1,  1,  0,  3,  2,  1,  1,  0,  1,  1,  2,  2,  1,  0,  0,  1,  0,  0,  0,  0,  2,  1,  0,  0,  0,  0,  0,  1,  0,  1,  0,  0,  0,  0,  0,  2,  1,  1,  2,  1,  2,  0,  2,  1,  1,  1,  1,  0,  0,  1,  0,  2,  0,  0,  1,  1,  1,  1,  0,  0,  1,  0,  1,  0,  3,  0,  1,  0,  0,  1,  0,  1,  1,  3,  3,  1,  1,  1,  0,  1,  1,  1,  1,  1,  0,  3,  1,  0,  1,  1,  0,  1,  0,  2,  1,  1,  1,  1,  4,  0,  1,  1,  0,  0,  1,  2,  1,  0,  1,  1,  0,  0,  2,  2,  1,  2,  1,  1,  2,  2,  0,  0,  2,  1,  2,  2,  1,  2,  1,  3,  1,  1,  1,  2,  2,  2,  2,  1,  1,  1,  3,
4,  0,  1,  1,   ,  1,  0,  2,  2,  1,  2,  1,  1,  1,  0,  1,  2,  0,  1,  2,  2,  0,  1,  0,  0,  1,  1,  0,  1,  0,  1,  1,  1,  3,  1,  1,  0,  0,  4,  1,  1,  2,  0,  0,  0,  0,  2,  0,  2,  0,  0,  1,  0,  0,  0,  1,  1,  1,  2,  0,  0,  0,  2,  2,  0,  1,  1,  3,  0,  0,  0,  1,  0,  1,  3,  1,  0,  0,  1,  1,  0,  1,  0,  1,  0,  2,  0,  0,  2,  3,  1,  1,  0,  1,  2,  2,  1,  1,  0,  0,  1,  1,  0,  0,  0,  1,  3,  0,  2,  1,  1,  2,  1,  0,  0,  2,  1,  1,  0,  1,  0,  2,  1,  2,  0,  0,  0,  2,  1,  1,  1,  1,  0,  3,  1,  0,  0,  2,  2,  1,  1,  3,  1,  1,  2,  2,  3,  1,  2,  1,  1,  4,  1,  1,  1,
5,  1,  1,  1,  1,   ,  1,  1,  1,  2,  2,  2,  2,  2,  1,  1,  1,  0,  0,  1,  1,  0,  1,  1,  0,  0,  0,  2,  0,  1,  2,  0,  2,  2,  1,  0,  1,  1,  1,  1,  0,  0,  1,  2,  0,  0,  0,  0,  1,  2,  0,  1,  1,  1,  1,  0,  0,  1,  1,  0,  0,  1,  0,  0,  1,  0,  0,  0,  0,  1,  1,  0,  0,  1,  1,  2,  1,  4,  2,  1,  0,  1,  0,  0,  0,  0,  0,  1,  1,  0,  2,  3,  0,  1,  2,  2,  0,  2,  0,  0,  2,  1,  0,  0,  1,  1,  0,  2,  0,  1,  2,  0,  1,  2,  1,  2,  2,  1,  2,  1,  2,  0,  0,  0,  0,  1,  0,  3,  0,  1,  2,  1,  2,  1,  0,  1,  0,  0,  2,  2,  2,  1,  2,  2,  3,  2,  1,  3,  1,  1,  1,  1,  3,  4,  1,
6,  0,  1,  2,  0,  1,   ,  1,  0,  1,  1,  1,  3,  2,  1,  1,  1,  2,  2,  1,  2,  1,  1,  0,  2,  2,  0,  0,  0,  0,  0,  0,  0,  1,  1,  0,  2,  0,  0,  2,  1,  0,  0,  2,  0,  1,  0,  1,  0,  2,  1,  0,  2,  1,  1,  0,  1,  1,  0,  1,  0,  1,  1,  2,  0,  0,  1,  0,  0,  0,  1,  1,  0,  0,  2,  0,  3,  2,  1,  0,  0,  0,  1,  1,  0,  1,  2,  2,  1,  0,  1,  1,  1,  1,  0,  1,  0,  2,  0,  2,  0,  0,  1,  1,  1,  0,  0,  1,  1,  2,  1,  1,  1,  0,  3,  0,  1,  0,  0,  2,  2,  1,  2,  0,  1,  0,  1,  0,  0,  2,  1,  1,  2,  0,  1,  0,  1,  1,  1,  2,  0,  2,  1,  1,  1,  0,  1,  1,  2,  1,  2,  0,  1,  1,  1,
7,  1,  3,  1,  2,  1,  1,   ,  1,  0,  1,  1,  1,  2,  0,  1,  1,  0,  2,  0,  2,  1,  2,  1,  2,  1,  0,  1,  0,  0,  0,  2,  1,  1,  0,  0,  0,  1,  0,  1,  1,  2,  0,  0,  1,  0,  1,  0,  1,  1,  1,  0,  1,  1,  1,  0,  1,  0,  1,  1,  2,  1,  1,  1,  0,  1,  1,  2,  0,  0,  1,  1,  2,  0,  2,  2,  1,  1,  1,  1,  0,  1,  0,  0,  2,  1,  1,  0,  1,  0,  1,  1,  1,  0,  3,  2,  1,  0,  0,  0,  2,  1,  2,  0,  1,  1,  0,  1,  0,  0,  1,  2,  1,  0,  1,  2,  2,  0,  0,  2,  0,  1,  1,  0,  2,  1,  0,  1,  2,  1,  3,  0,  1,  1,  0,  0,  2,  0,  1,  2,  2,  2,  2,  1,  1,  3,  1,  1,  2,  3,  2,  2,  2,  1,  1,
8,  1,  1,  1,  2,  1,  0,  1,   ,  1,  1,  1,  1,  0,  0,  0,  0,  0,  0,  0,  1,  1,  0,  0,  0,  1,  1,  1,  1,  2,  0,  0,  1,  1,  0,  0,  1,  1,  1,  0,  1,  0,  0,  1,  1,  2,  0,  2,  0,  0,  1,  2,  0,  0,  1,  1,  1,  0,  1,  1,  0,  0,  1,  1,  2,  1,  1,  0,  2,  1,  1,  1,  0,  2,  2,  0,  1,  0,  2,  0,  0,  1,  2,  2,  1,  0,  1,  0,  2,  0,  0,  1,  1,  1,  2,  2,  0,  0,  1,  2,  2,  2,  1,  1,  0,  1,  1,  0,  1,  2,  1,  0,  2,  1,  0,  2,  0,  0,  1,  1,  1,  1,  1,  0,  0,  1,  1,  1,  1,  1,  1,  2,  0,  3,  2,  2,  0,  1,  2,  2,  2,  2,  1,  3,  1,  2,  3,  1,  1,  3,  1,  2,  1,  2,  2,
9,  1,  0,  1,  1,  2,  1,  0,  1,   ,  1,  1,  1,  2,  3,  0,  2,  0,  1,  1,  1,  0,  2,  0,  0,  0,  0,  1,  2,  2,  2,  0,  2,  1,  0,  1,  1,  0,  1,  0,  0,  2,  0,  0,  1,  0,  2,  1,  0,  0,  0,  2,  1,  0,  1,  1,  1,  2,  1,  2,  0,  0,  0,  0,  1,  1,  0,  1,  0,  1,  0,  2,  1,  2,  0,  2,  1,  2,  1,  1,  1,  2,  1,  0,  0,  2,  0,  0,  0,  2,  0,  2,  1,  2,  0,  0,  1,  2,  1,  1,  0,  2,  0,  0,  1,  1,  2,  2,  0,  0,  1,  0,  1,  2,  1,  0,  1,  2,  2,  0,  2,  2,  1,  1,  0,  0,  1,  1,  2,  0,  1,  2,  0,  0,  0,  0,  0,  1,  1,  1,  0,  1,  1,  2,  0,  0,  0,  2,  0,  0,  1,  0,  2,  1,  0,
10,  2,  1,  0,  2,  2,  1,  1,  1,  1,   ,  1,  3,  1,  1,  2,  2,  0,  2,  1,  1,  1,  1,  1,  1,  1,  1,  3,  1,  0,  0,  1,  0,  3,  1,  1,  0,  1,  3,  1,  0,  1,  0,  1,  0,  0,  0,  0,  0,  1,  0,  2,  0,  1,  1,  0,  1,  0,  2,  0,  0,  2,  0,  1,  0,  2,  0,  0,  0,  0,  0,  0,  0,  0,  1,  2,  2,  1,  0,  1,  0,  0,  1,  1,  0,  0,  0,  1,  1,  2,  1,  3,  0,  1,  1,  1,  1,  2,  0,  0,  1,  0,  0,  1,  0,  4,  1,  1,  1,  1,  1,  1,  0,  1,  2,  1,  1,  1,  0,  1,  2,  0,  1,  2,  0,  0,  0,  1,  0,  1,  2,  2,  2,  2,  0,  0,  1,  1,  2,  1,  2,  0,  2,  0,  2,  1,  2,  2,  1,  1,  0,  3,  2,  1,  0,
11,  0,  2,  4,  1,  2,  1,  1,  1,  1,  1,   ,  1,  0,  1,  1,  0,  3,  1,  1,  0,  1,  1,  0,  1,  0,  1,  1,  0,  1,  1,  0,  0,  1,  1,  1,  0,  0,  1,  0,  0,  1,  1,  2,  0,  0,  0,  1,  0,  3,  0,  2,  1,  1,  3,  0,  1,  2,  2,  1,  0,  1,  0,  1,  1,  1,  0,  0,  2,  0,  0,  1,  0,  0,  1,  1,  0,  0,  3,  0,  1,  0,  0,  2,  0,  0,  1,  2,  1,  2,  1,  2,  0,  1,  1,  1,  1,  1,  1,  2,  2,  0,  1,  1,  1,  1,  1,  1,  0,  1,  2,  0,  3,  0,  1,  1,  0,  0,  0,  1,  2,  0,  2,  2,  1,  0,  2,  3,  1,  2,  1,  1,  1,  1,  0,  0,  1,  0,  2,  2,  2,  1,  1,  3,  2,  1,  1,  3,  2,  1,  2,  1,  1,  2,  2,
12,  1,  1,  1,  1,  2,  3,  1,  1,  1,  3,  1,   ,  1,  1,  0,  1,  1,  1,  0,  1,  0,  1,  0,  2,  1,  0,  1,  0,  0,  0,  0,  1,  1,  2,  0,  1,  0,  1,  1,  0,  0,  0,  3,  0,  0,  0,  0,  0,  1,  1,  1,  1,  3,  1,  0,  2,  2,  1,  0,  0,  2,  1,  2,  0,  2,  1,  0,  0,  1,  1,  0,  0,  0,  1,  1,  3,  2,  2,  0,  0,  0,  1,  2,  0,  0,  1,  1,  0,  0,  1,  1,  0,  1,  1,  1,  0,  1,  0,  1,  0,  1,  1,  0,  0,  2,  0,  2,  1,  3,  1,  0,  1,  0,  4,  2,  2,  0,  0,  0,  2,  0,  3,  0,  0,  1,  0,  0,  0,  2,  2,  1,  2,  1,  1,  0,  1,  1,  1,  2,  1,  1,  2,  1,  1,  1,  1,  1,  2,  1,  0,  1,  2,  1,  1,
13,  1,  1,  1,  1,  2,  2,  2,  0,  2,  1,  0,  1,   ,  1,  0,  1,  0,  0,  0,  3,  0,  2,  1,  0,  3,  0,  1,  0,  1,  1,  1,  2,  2,  1,  0,  2,  1,  0,  1,  1,  1,  0,  0,  1,  0,  0,  0,  1,  0,  1,  0,  3,  0,  1,  0,  1,  0,  1,  1,  1,  0,  2,  1,  0,  1,  1,  1,  0,  1,  2,  2,  0,  0,  1,  1,  1,  4,  0,  2,  0,  0,  1,  0,  1,  2,  0,  0,  1,  0,  1,  1,  1,  1,  1,  2,  1,  1,  0,  0,  0,  1,  0,  1,  2,  1,  1,  3,  0,  0,  2,  2,  1,  1,  1,  0,  2,  1,  3,  1,  1,  1,  0,  0,  1,  0,  1,  1,  1,  1,  2,  1,  1,  1,  0,  0,  1,  0,  1,  1,  0,  1,  1,  1,  0,  0,  0,  1,  1,  0,  1,  1,  2,  0,  1,
14,  1,  2,  1,  0,  1,  1,  0,  0,  3,  1,  1,  1,  1,   ,  1,  1,  1,  1,  0,  0,  0,  2,  2,  0,  0,  0,  0,  1,  0,  2,  1,  1,  0,  0,  2,  0,  0,  1,  0,  2,  2,  2,  1,  2,  2,  2,  0,  2,  0,  1,  2,  1,  1,  0,  1,  0,  1,  1,  3,  2,  1,  1,  0,  1,  1,  0,  1,  1,  1,  0,  1,  1,  1,  0,  0,  1,  1,  2,  1,  2,  1,  0,  1,  0,  1,  1,  0,  0,  1,  1,  3,  3,  2,  0,  0,  1,  3,  2,  2,  0,  1,  0,  0,  2,  1,  0,  2,  0,  1,  1,  1,  0,  1,  1,  1,  3,  0,  1,  1,  2,  2,  0,  2,  1,  1,  1,  0,  1,  1,  1,  2,  0,  0,  1,  0,  0,  1,  0,  1,  1,  0,  2,  0,  1,  1,  0,  2,  0,  0,  2,  0,  1,  0,  2,
15,  1,  0,  1,  1,  1,  1,  1,  0,  0,  2,  1,  0,  0,  1,   ,  0,  2,  2,  3,  1,  1,  1,  3,  2,  1,  2,  2,  1,  0,  0,  3,  0,  2,  2,  0,  0,  1,  3,  0,  1,  1,  0,  1,  0,  1,  2,  0,  2,  1,  1,  1,  0,  0,  1,  0,  0,  0,  1,  1,  2,  2,  1,  1,  0,  0,  0,  3,  1,  1,  0,  0,  1,  1,  1,  2,  1,  0,  1,  2,  0,  0,  1,  0,  1,  0,  0,  2,  1,  2,  2,  2,  1,  2,  0,  0,  1,  2,  0,  2,  1,  0,  1,  1,  1,  2,  1,  0,  2,  0,  0,  1,  0,  1,  0,  1,  2,  1,  1,  3,  1,  0,  0,  2,  1,  0,  0,  2,  0,  0,  0,  0,  2,  0,  2,  0,  2,  2,  2,  1,  1,  1,  1,  0,  1,  1,  2,  1,  0,  2,  2,  1,  0,  1,  0,
16,  0,  0,  0,  2,  1,  1,  1,  0,  2,  2,  0,  1,  1,  1,  0,   ,  0,  1,  2,  0,  2,  0,  0,  0,  0,  1,  0,  1,  0,  1,  0,  1,  1,  0,  3,  0,  1,  2,  3,  0,  1,  0,  0,  1,  1,  1,  1,  0,  1,  0,  0,  0,  1,  1,  2,  2,  1,  0,  1,  1,  1,  0,  0,  0,  0,  1,  1,  0,  2,  1,  2,  2,  0,  0,  1,  1,  1,  0,  1,  1,  2,  0,  1,  1,  2,  1,  1,  2,  2,  0,  1,  0,  1,  0,  1,  2,  2,  1,  0,  1,  0,  1,  0,  1,  0,  2,  2,  0,  0,  1,  1,  1,  0,  2,  0,  1,  3,  0,  0,  1,  1,  1,  1,  0,  2,  0,  0,  2,  0,  2,  2,  0,  2,  0,  0,  1,  1,  0,  1,  1,  1,  2,  0,  1,  1,  0,  1,  2,  0,  0,  1,  3,  0,  0,
17,  0,  1,  3,  0,  0,  2,  0,  0,  0,  0,  3,  1,  0,  1,  2,  0,   ,  1,  1,  1,  1,  0,  1,  2,  2,  1,  0,  1,  1,  1,  2,  0,  0,  1,  0,  1,  0,  1,  0,  1,  1,  2,  1,  0,  1,  0,  1,  2,  2,  0,  1,  0,  1,  2,  1,  1,  2,  1,  1,  1,  1,  0,  1,  1,  1,  1,  1,  3,  1,  0,  0,  1,  0,  0,  1,  1,  0,  2,  1,  1,  0,  1,  2,  0,  0,  1,  3,  1,  1,  1,  0,  2,  2,  0,  0,  0,  1,  1,  3,  1,  0,  1,  1,  2,  0,  1,  0,  2,  1,  2,  0,  2,  1,  2,  0,  1,  0,  1,  3,  2,  0,  2,  1,  1,  0,  1,  1,  1,  2,  0,  1,  1,  0,  1,  1,  1,  1,  2,  2,  0,  1,  2,  2,  0,  0,  0,  1,  1,  1,  3,  1,  0,  0,  1,
18,  1,  1,  2,  1,  0,  2,  2,  0,  1,  2,  1,  1,  0,  1,  2,  1,  1,   ,  1,  1,  1,  1,  1,  3,  1,  0,  1,  0,  0,  0,  1,  0,  1,  0,  2,  1,  0,  1,  2,  1,  3,  0,  0,  0,  1,  1,  1,  0,  1,  1,  1,  2,  1,  0,  0,  1,  0,  1,  1,  1,  1,  0,  0,  0,  2,  0,  1,  0,  0,  0,  1,  1,  0,  1,  2,  2,  0,  1,  0,  1,  0,  0,  0,  1,  1,  1,  1,  2,  2,  1,  0,  0,  0,  1,  0,  1,  1,  0,  2,  0,  0,  1,  1,  0,  1,  1,  1,  1,  1,  0,  3,  0,  0,  1,  1,  1,  0,  0,  1,  0,  1,  1,  2,  1,  0,  2,  0,  1,  0,  1,  1,  3,  1,  0,  0,  1,  1,  1,  1,  1,  1,  1,  0,  2,  1,  1,  1,  1,  3,  1,  1,  1,  1,  0,
19,  0,  0,  1,  2,  1,  1,  0,  0,  1,  1,  1,  0,  0,  0,  3,  2,  1,  1,   ,  1,  0,  0,  0,  1,  1,  3,  1,  1,  0,  1,  0,  0,  2,  1,  2,  0,  1,  3,  1,  1,  0,  0,  1,  0,  1,  2,  0,  1,  1,  1,  1,  0,  0,  1,  2,  2,  1,  1,  1,  0,  1,  1,  2,  0,  0,  0,  2,  1,  1,  0,  2,  2,  1,  1,  2,  2,  0,  0,  1,  2,  2,  0,  0,  0,  2,  0,  2,  1,  2,  2,  1,  0,  1,  0,  0,  1,  3,  1,  1,  1,  0,  0,  1,  1,  1,  2,  0,  3,  0,  0,  0,  1,  0,  0,  1,  0,  3,  0,  1,  1,  1,  1,  1,  1,  0,  0,  2,  1,  0,  1,  0,  2,  1,  2,  0,  0,  2,  1,  0,  1,  2,  1,  0,  1,  0,  1,  2,  0,  1,  1,  0,  1,  1,  0,
20,  2,  1,  1,  2,  1,  2,  2,  1,  1,  1,  0,  1,  3,  0,  1,  0,  1,  1,  1,   ,  0,  2,  0,  2,  3,  0,  1,  1,  2,  1,  2,  2,  3,  0,  0,  1,  0,  1,  1,  1,  1,  1,  0,  0,  0,  1,  1,  1,  0,  0,  1,  1,  0,  0,  0,  0,  0,  3,  1,  1,  0,  1,  2,  0,  2,  1,  2,  0,  0,  0,  1,  0,  0,  3,  1,  1,  2,  0,  2,  1,  0,  0,  1,  1,  1,  0,  1,  1,  0,  3,  0,  1,  0,  1,  2,  2,  1,  0,  1,  0,  1,  1,  0,  2,  1,  0,  0,  3,  1,  1,  1,  0,  1,  0,  0,  1,  1,  1,  2,  0,  1,  0,  0,  2,  0,  1,  1,  1,  2,  0,  0,  1,  1,  0,  1,  0,  3,  3,  0,  0,  2,  0,  1,  0,  1,  1,  0,  0,  1,  2,  2,  1,  0,  0,
21,  1,  1,  0,  0,  0,  1,  1,  1,  0,  1,  1,  0,  0,  0,  1,  2,  1,  1,  0,  0,   ,  1,  1,  0,  0,  1,  1,  1,  0,  1,  1,  2,  0,  1,  1,  1,  3,  0,  2,  2,  0,  1,  0,  1,  1,  0,  4,  0,  2,  0,  0,  1,  1,  1,  2,  0,  1,  0,  1,  1,  1,  0,  0,  1,  0,  2,  0,  1,  1,  1,  1,  1,  0,  1,  0,  0,  0,  0,  2,  0,  1,  1,  2,  1,  1,  3,  1,  2,  2,  0,  1,  1,  0,  0,  1,  2,  0,  3,  1,  1,  0,  2,  2,  1,  1,  1,  1,  0,  1,  1,  1,  0,  1,  1,  1,  0,  2,  0,  1,  0,  2,  1,  2,  1,  2,  1,  0,  1,  0,  1,  0,  1,  1,  1,  1,  2,  1,  2,  0,  2,  0,  0,  1,  1,  1,  3,  0,  1,  0,  1,  1,  1,  1,  0,
22,  1,  1,  1,  1,  1,  1,  2,  0,  2,  1,  1,  1,  2,  2,  1,  0,  0,  1,  0,  2,  1,   ,  1,  0,  1,  1,  1,  1,  0,  0,  2,  3,  1,  2,  1,  0,  1,  0,  2,  1,  3,  0,  1,  1,  0,  1,  0,  1,  0,  0,  1,  3,  1,  0,  0,  0,  2,  2,  3,  0,  0,  1,  1,  0,  1,  1,  1,  0,  1,  0,  2,  1,  1,  1,  0,  0,  2,  2,  2,  1,  0,  1,  0,  0,  2,  0,  1,  0,  2,  2,  2,  2,  0,  1,  1,  3,  0,  1,  1,  0,  3,  0,  1,  1,  2,  0,  2,  0,  1,  1,  1,  0,  1,  0,  1,  2,  1,  0,  2,  1,  2,  0,  2,  1,  1,  1,  0,  2,  1,  0,  0,  1,  0,  0,  0,  1,  1,  1,  0,  0,  1,  0,  0,  1,  0,  1,  1,  0,  0,  2,  2,  0,  1,  0,
23,  1,  1,  1,  0,  1,  0,  1,  0,  0,  1,  0,  0,  1,  2,  3,  0,  1,  1,  0,  0,  1,  1,   ,  1,  1,  1,  1,  1,  0,  2,  3,  0,  0,  2,  0,  0,  2,  1,  0,  1,  1,  2,  0,  0,  2,  2,  0,  2,  1,  2,  1,  1,  1,  0,  1,  1,  0,  0,  1,  4,  1,  1,  0,  2,  1,  0,  2,  1,  2,  2,  0,  1,  1,  0,  1,  0,  1,  1,  2,  0,  2,  1,  1,  1,  1,  0,  2,  1,  1,  1,  1,  2,  1,  1,  1,  1,  1,  0,  1,  0,  0,  1,  1,  2,  2,  0,  1,  0,  0,  1,  3,  1,  2,  0,  1,  2,  1,  3,  2,  0,  1,  0,  1,  2,  1,  0,  0,  0,  1,  0,  1,  1,  1,  1,  1,  3,  0,  1,  1,  0,  0,  1,  0,  1,  2,  1,  0,  0,  1,  1,  1,  0,  1,  2,
24,  2,  1,  2,  0,  0,  2,  2,  0,  0,  1,  1,  2,  0,  0,  2,  0,  2,  3,  1,  2,  0,  0,  1,   ,  1,  1,  1,  1,  2,  0,  2,  0,  0,  2,  0,  1,  0,  0,  0,  0,  1,  1,  1,  0,  0,  2,  1,  0,  1,  2,  0,  0,  1,  1,  0,  1,  2,  1,  0,  2,  2,  1,  0,  0,  2,  1,  2,  1,  0,  1,  0,  1,  0,  1,  2,  3,  0,  0,  0,  1,  0,  1,  0,  2,  0,  2,  2,  1,  0,  2,  0,  0,  1,  1,  0,  1,  1,  0,  1,  0,  0,  4,  1,  0,  1,  0,  0,  2,  0,  1,  1,  1,  0,  2,  1,  1,  0,  0,  1,  0,  0,  2,  0,  2,  0,  2,  1,  0,  1,  1,  1,  2,  0,  1,  1,  3,  2,  1,  1,  1,  2,  1,  1,  0,  1,  0,  0,  1,  3,  1,  0,  1,  0,  0,
25,  0,  1,  2,  1,  0,  2,  1,  1,  0,  1,  0,  1,  3,  0,  1,  0,  2,  1,  1,  3,  0,  1,  1,  1,   ,  0,  0,  1,  0,  0,  1,  0,  2,  1,  0,  2,  1,  1,  1,  0,  1,  1,  0,  1,  0,  0,  0,  1,  0,  1,  2,  3,  0,  1,  1,  1,  0,  2,  1,  1,  0,  1,  2,  0,  3,  1,  0,  0,  1,  2,  2,  1,  0,  2,  1,  1,  2,  0,  0,  1,  0,  2,  1,  1,  1,  0,  1,  2,  0,  1,  0,  2,  0,  0,  3,  0,  1,  0,  1,  1,  0,  0,  1,  1,  2,  1,  2,  3,  1,  0,  1,  1,  1,  1,  0,  0,  0,  2,  3,  1,  0,  0,  0,  1,  0,  1,  0,  1,  2,  1,  0,  2,  2,  0,  1,  1,  2,  2,  1,  0,  1,  1,  0,  0,  1,  1,  1,  1,  1,  2,  2,  0,  0,  1,
26,  2,  0,  1,  1,  0,  0,  0,  1,  0,  1,  1,  0,  0,  0,  2,  1,  1,  0,  3,  0,  1,  1,  1,  1,  0,   ,  1,  1,  1,  0,  1,  0,  1,  3,  2,  1,  2,  1,  1,  1,  0,  0,  1,  0,  2,  1,  0,  1,  1,  1,  0,  0,  0,  1,  1,  1,  1,  0,  1,  0,  0,  2,  2,  0,  0,  0,  1,  3,  1,  1,  1,  2,  1,  1,  0,  2,  0,  1,  2,  2,  1,  1,  0,  1,  1,  1,  3,  0,  2,  0,  1,  0,  2,  0,  0,  2,  0,  1,  0,  1,  0,  1,  3,  1,  1,  1,  0,  2,  1,  2,  0,  2,  1,  0,  1,  0,  3,  0,  1,  0,  0,  1,  2,  1,  0,  1,  2,  1,  1,  1,  2,  0,  1,  2,  1,  2,  1,  1,  1,  0,  0,  1,  1,  0,  0,  2,  1,  0,  1,  0,  1,  1,  0,  0,
27,  3,  1,  0,  0,  2,  0,  1,  1,  1,  3,  1,  1,  1,  0,  2,  0,  0,  1,  1,  1,  1,  1,  1,  1,  0,  1,   ,  1,  3,  1,  1,  1,  2,  1,  0,  1,  1,  1,  0,  0,  0,  0,  1,  2,  1,  0,  0,  0,  1,  1,  1,  0,  2,  1,  0,  2,  0,  1,  0,  0,  3,  0,  1,  2,  1,  1,  0,  1,  0,  0,  0,  0,  2,  0,  3,  1,  1,  0,  2,  0,  0,  2,  1,  1,  0,  0,  1,  0,  1,  1,  2,  0,  1,  3,  0,  1,  1,  0,  1,  2,  2,  0,  2,  1,  3,  0,  0,  0,  0,  0,  0,  0,  2,  1,  1,  0,  2,  1,  1,  2,  0,  1,  1,  0,  2,  1,  3,  0,  0,  1,  0,  2,  0,  1,  1,  1,  0,  2,  0,  2,  1,  1,  1,  1,  0,  1,  1,  0,  2,  0,  1,  2,  1,  1,
28,  3,  1,  0,  1,  0,  0,  0,  1,  2,  1,  0,  0,  0,  1,  1,  1,  1,  0,  1,  1,  1,  1,  1,  1,  1,  1,  1,   ,  2,  2,  3,  0,  0,  1,  1,  1,  1,  1,  0,  1,  1,  3,  1,  1,  0,  2,  2,  2,  0,  1,  2,  0,  0,  1,  2,  1,  1,  2,  0,  1,  0,  0,  0,  1,  2,  1,  2,  0,  1,  0,  1,  1,  1,  1,  2,  0,  0,  0,  1,  3,  2,  3,  0,  1,  1,  1,  1,  0,  2,  1,  2,  1,  1,  0,  0,  2,  2,  1,  0,  1,  1,  1,  1,  0,  1,  2,  0,  2,  1,  0,  0,  1,  4,  1,  0,  1,  2,  1,  2,  1,  1,  1,  2,  1,  0,  1,  0,  2,  1,  0,  1,  0,  0,  0,  2,  1,  1,  1,  1,  1,  1,  1,  1,  0,  1,  1,  1,  0,  0,  0,  2,  0,  1,  1,
29,  2,  0,  1,  0,  1,  0,  0,  2,  2,  0,  1,  0,  1,  0,  0,  0,  1,  0,  0,  2,  0,  0,  0,  2,  0,  1,  3,  2,   ,  1,  1,  1,  1,  1,  0,  1,  0,  0,  0,  0,  0,  1,  0,  2,  1,  1,  2,  0,  1,  1,  1,  0,  1,  2,  0,  1,  1,  1,  0,  1,  1,  0,  1,  3,  1,  1,  1,  2,  1,  0,  0,  0,  3,  1,  1,  0,  1,  0,  1,  1,  1,  2,  1,  2,  0,  1,  1,  0,  0,  1,  0,  0,  3,  2,  0,  1,  0,  0,  1,  1,  3,  2,  2,  1,  0,  1,  0,  1,  0,  1,  0,  2,  2,  0,  0,  0,  1,  2,  0,  1,  0,  0,  0,  1,  2,  3,  3,  1,  1,  0,  2,  0,  0,  1,  2,  1,  1,  1,  0,  0,  1,  0,  3,  0,  0,  0,  0,  0,  1,  0,  0,  1,  1,  1,
30,  2,  3,  0,  1,  2,  0,  0,  0,  2,  0,  1,  0,  1,  2,  0,  1,  1,  0,  1,  1,  1,  0,  2,  0,  0,  0,  1,  2,  1,   ,  0,  1,  1,  0,  1,  1,  1,  1,  0,  1,  0,  4,  1,  1,  1,  2,  1,  2,  1,  1,  1,  0,  1,  0,  2,  1,  2,  0,  0,  1,  0,  1,  0,  3,  0,  0,  1,  1,  0,  1,  1,  0,  1,  0,  2,  0,  2,  0,  1,  1,  3,  0,  2,  0,  1,  1,  1,  0,  2,  1,  1,  1,  0,  1,  1,  0,  3,  2,  0,  0,  0,  0,  0,  3,  0,  2,  0,  0,  1,  2,  1,  0,  3,  0,  1,  1,  2,  2,  0,  0,  2,  2,  2,  2,  1,  0,  1,  0,  2,  0,  1,  0,  0,  0,  1,  0,  0,  2,  0,  1,  1,  0,  1,  1,  2,  0,  0,  0,  0,  1,  0,  1,  1,  2,
31,  2,  0,  0,  1,  0,  0,  2,  0,  0,  1,  0,  0,  1,  1,  3,  0,  2,  1,  0,  2,  1,  2,  3,  2,  1,  1,  1,  3,  1,  0,   ,  1,  0,  1,  0,  1,  1,  1,  0,  2,  3,  2,  0,  0,  1,  2,  1,  3,  0,  1,  1,  0,  0,  0,  1,  0,  0,  3,  1,  3,  1,  1,  0,  0,  2,  2,  4,  1,  1,  0,  0,  2,  0,  1,  2,  0,  0,  1,  3,  2,  0,  2,  0,  2,  1,  0,  1,  0,  1,  2,  1,  2,  1,  1,  0,  3,  0,  0,  1,  1,  1,  2,  1,  1,  1,  0,  0,  2,  0,  1,  2,  0,  2,  1,  0,  3,  1,  1,  3,  1,  1,  0,  1,  2,  0,  1,  0,  2,  0,  0,  0,  0,  0,  1,  2,  2,  1,  1,  2,  0,  1,  2,  0,  0,  1,  1,  1,  0,  1,  1,  3,  0,  0,  0,
32,  1,  0,  0,  1,  2,  0,  1,  1,  2,  0,  0,  1,  2,  1,  0,  1,  0,  0,  0,  2,  2,  3,  0,  0,  0,  0,  1,  0,  1,  1,  1,   ,  1,  1,  1,  1,  1,  0,  2,  2,  2,  0,  1,  1,  0,  1,  2,  1,  0,  0,  0,  1,  2,  0,  2,  0,  2,  1,  2,  0,  1,  1,  0,  0,  0,  3,  1,  0,  2,  0,  1,  1,  1,  0,  1,  0,  2,  1,  3,  0,  0,  0,  1,  0,  2,  1,  0,  2,  0,  2,  1,  2,  0,  1,  1,  2,  0,  3,  1,  0,  3,  1,  0,  1,  1,  0,  1,  0,  1,  1,  1,  0,  1,  1,  2,  2,  2,  1,  0,  1,  3,  0,  0,  0,  2,  0,  1,  1,  0,  0,  0,  1,  1,  1,  1,  0,  2,  1,  0,  2,  1,  0,  2,  1,  0,  1,  0,  0,  0,  1,  1,  2,  1,  0,
33,  1,  1,  0,  3,  2,  1,  1,  1,  1,  3,  1,  1,  2,  0,  2,  1,  0,  1,  2,  3,  0,  1,  0,  0,  2,  1,  2,  0,  1,  1,  0,  1,   ,  1,  1,  1,  0,  4,  2,  0,  1,  0,  1,  0,  0,  1,  0,  1,  1,  0,  2,  1,  0,  1,  0,  0,  0,  2,  1,  0,  1,  1,  3,  0,  1,  0,  1,  0,  0,  0,  1,  0,  1,  3,  2,  0,  2,  0,  1,  0,  0,  0,  1,  0,  0,  0,  0,  1,  2,  1,  1,  1,  1,  0,  2,  0,  1,  0,  0,  1,  0,  0,  0,  2,  2,  2,  0,  2,  1,  0,  1,  0,  1,  0,  1,  0,  1,  1,  1,  1,  0,  0,  2,  1,  0,  0,  3,  0,  2,  0,  1,  1,  2,  1,  0,  0,  2,  2,  0,  1,  0,  0,  1,  2,  1,  2,  1,  1,  0,  1,  2,  1,  1,  0,
34,  1,  0,  2,  1,  1,  1,  0,  0,  0,  1,  1,  2,  1,  0,  2,  0,  1,  0,  1,  0,  1,  2,  2,  2,  1,  3,  1,  1,  1,  0,  1,  1,  1,   ,  0,  1,  1,  1,  1,  0,  0,  0,  2,  0,  0,  1,  0,  1,  1,  2,  0,  2,  1,  1,  0,  1,  3,  0,  0,  1,  1,  2,  1,  0,  1,  1,  1,  1,  2,  2,  0,  0,  1,  1,  0,  1,  1,  1,  1,  0,  0,  2,  0,  0,  1,  2,  2,  1,  2,  1,  1,  0,  2,  0,  0,  1,  0,  0,  0,  0,  1,  2,  2,  0,  2,  1,  2,  1,  1,  1,  1,  2,  1,  1,  2,  1,  1,  1,  1,  0,  0,  1,  2,  0,  1,  1,  2,  0,  1,  0,  1,  2,  1,  2,  0,  4,  1,  1,  0,  0,  1,  0,  1,  1,  0,  2,  0,  1,  0,  0,  1,  0,  1,  1,
35,  1,  1,  1,  1,  0,  0,  0,  0,  1,  1,  1,  0,  0,  2,  0,  3,  0,  2,  2,  0,  1,  1,  0,  0,  0,  2,  0,  1,  0,  1,  0,  1,  1,  0,   ,  0,  1,  1,  3,  2,  2,  1,  1,  1,  1,  0,  1,  1,  0,  2,  1,  1,  1,  0,  2,  1,  0,  1,  2,  0,  1,  0,  1,  0,  1,  1,  0,  1,  2,  0,  2,  2,  0,  0,  0,  1,  0,  1,  2,  4,  1,  0,  1,  0,  1,  1,  1,  2,  2,  0,  1,  0,  0,  0,  1,  3,  1,  3,  1,  0,  0,  0,  1,  1,  0,  1,  1,  1,  1,  0,  1,  1,  1,  1,  0,  1,  3,  0,  0,  0,  0,  0,  3,  1,  1,  1,  0,  2,  1,  1,  1,  0,  2,  1,  0,  0,  1,  0,  0,  2,  0,  1,  0,  1,  1,  0,  2,  1,  0,  0,  1,  2,  0,  1,
36,  2,  0,  0,  0,  1,  2,  0,  1,  1,  0,  0,  1,  2,  0,  0,  0,  1,  1,  0,  1,  1,  0,  0,  1,  2,  1,  1,  1,  1,  1,  1,  1,  1,  1,  0,   ,  1,  0,  1,  1,  1,  1,  2,  1,  2,  0,  1,  1,  1,  1,  1,  2,  0,  1,  1,  0,  1,  1,  0,  0,  1,  3,  0,  0,  1,  2,  0,  1,  0,  3,  1,  1,  0,  1,  2,  2,  2,  1,  1,  1,  0,  3,  0,  2,  1,  2,  0,  0,  0,  0,  0,  1,  0,  0,  1,  0,  0,  0,  0,  2,  0,  1,  2,  1,  0,  1,  1,  1,  2,  1,  1,  0,  2,  2,  0,  0,  1,  2,  1,  1,  1,  2,  0,  0,  0,  2,  1,  1,  0,  1,  1,  1,  0,  1,  2,  1,  0,  1,  2,  0,  1,  1,  1,  1,  0,  1,  1,  2,  1,  0,  1,  1,  1,  0,
37,  1,  0,  0,  0,  1,  0,  1,  1,  0,  1,  0,  0,  1,  0,  1,  1,  0,  0,  1,  0,  3,  1,  2,  0,  1,  2,  1,  1,  0,  1,  1,  1,  0,  1,  1,  1,   ,  0,  0,  2,  0,  1,  0,  2,  0,  0,  1,  1,  2,  1,  0,  1,  0,  2,  2,  0,  0,  0,  1,  1,  0,  1,  1,  1,  0,  1,  0,  1,  0,  3,  2,  2,  1,  0,  0,  1,  2,  0,  2,  1,  3,  2,  0,  2,  0,  2,  2,  1,  1,  0,  1,  1,  0,  1,  2,  1,  0,  2,  1,  1,  0,  2,  3,  0,  1,  1,  2,  1,  0,  1,  0,  0,  2,  0,  1,  0,  2,  2,  1,  0,  1,  0,  1,  1,  1,  1,  0,  1,  1,  3,  0,  0,  1,  2,  2,  2,  0,  1,  0,  1,  0,  0,  1,  0,  2,  2,  1,  2,  0,  0,  1,  0,  1,  0,
38,  0,  0,  0,  4,  1,  0,  0,  1,  1,  3,  1,  1,  0,  1,  3,  2,  1,  1,  3,  1,  0,  0,  1,  0,  1,  1,  1,  1,  0,  1,  1,  0,  4,  1,  1,  0,  0,   ,  1,  1,  1,  0,  1,  0,  1,  2,  0,  2,  1,  0,  2,  0,  0,  1,  1,  1,  1,  2,  1,  1,  2,  1,  2,  0,  1,  0,  3,  1,  1,  0,  1,  0,  1,  2,  2,  0,  0,  1,  1,  0,  1,  0,  1,  0,  1,  0,  0,  1,  3,  1,  1,  1,  2,  0,  1,  0,  2,  0,  1,  1,  0,  0,  0,  1,  2,  3,  0,  2,  1,  0,  1,  0,  0,  0,  1,  1,  1,  1,  1,  1,  1,  1,  2,  0,  0,  0,  2,  0,  1,  0,  1,  1,  2,  2,  0,  0,  2,  1,  0,  1,  1,  1,  0,  2,  1,  2,  1,  1,  0,  1,  2,  0,  1,  0,
39,  0,  1,  0,  1,  1,  2,  1,  0,  0,  1,  0,  1,  1,  0,  0,  3,  0,  2,  1,  1,  2,  2,  0,  0,  1,  1,  0,  0,  0,  0,  0,  2,  2,  1,  3,  1,  0,  1,   ,  1,  1,  0,  1,  0,  2,  0,  2,  0,  1,  0,  0,  3,  2,  0,  1,  1,  1,  0,  2,  0,  1,  0,  1,  0,  0,  1,  0,  0,  3,  0,  2,  1,  0,  2,  0,  0,  2,  1,  1,  1,  0,  0,  1,  0,  2,  1,  1,  2,  1,  1,  0,  1,  0,  0,  2,  2,  0,  1,  0,  0,  1,  0,  1,  2,  0,  1,  1,  0,  2,  0,  2,  1,  0,  1,  1,  1,  2,  0,  1,  0,  1,  0,  1,  1,  2,  1,  0,  1,  1,  0,  1,  2,  2,  0,  0,  0,  1,  0,  0,  1,  0,  1,  0,  3,  0,  1,  0,  1,  0,  1,  1,  2,  2,  0,
40,  1,  1,  0,  1,  0,  1,  1,  1,  0,  0,  0,  0,  1,  2,  1,  0,  1,  1,  1,  1,  2,  1,  1,  0,  0,  1,  0,  1,  0,  1,  2,  2,  0,  0,  2,  1,  2,  1,  1,   ,  1,  1,  1,  1,  2,  0,  2,  3,  1,  2,  0,  1,  0,  0,  2,  0,  0,  1,  2,  1,  1,  1,  1,  0,  0,  2,  2,  2,  1,  0,  1,  1,  0,  1,  0,  1,  0,  1,  3,  2,  1,  0,  0,  0,  2,  3,  0,  1,  0,  1,  1,  2,  1,  1,  0,  1,  1,  3,  2,  0,  1,  1,  2,  1,  0,  0,  0,  1,  2,  1,  2,  0,  1,  0,  1,  3,  1,  1,  1,  0,  3,  0,  1,  1,  0,  1,  0,  1,  1,  1,  0,  1,  1,  3,  1,  0,  0,  0,  0,  2,  1,  1,  1,  1,  1,  2,  1,  0,  0,  1,  1,  0,  1,  1,
41,  0,  0,  1,  2,  0,  0,  2,  0,  2,  1,  1,  0,  1,  2,  1,  1,  1,  3,  0,  1,  0,  3,  1,  1,  1,  0,  0,  1,  0,  0,  3,  2,  1,  0,  2,  1,  0,  1,  1,  1,   ,  1,  0,  1,  0,  2,  0,  2,  0,  1,  2,  1,  0,  0,  1,  0,  1,  3,  2,  1,  0,  1,  0,  0,  2,  2,  2,  0,  0,  0,  1,  3,  1,  0,  2,  0,  0,  1,  1,  2,  0,  1,  0,  1,  2,  0,  0,  1,  2,  1,  1,  2,  0,  1,  0,  2,  0,  1,  1,  1,  2,  1,  0,  0,  1,  1,  1,  1,  0,  1,  3,  0,  1,  1,  0,  2,  0,  0,  1,  2,  2,  0,  2,  1,  0,  1,  0,  3,  0,  0,  1,  0,  1,  0,  1,  1,  1,  0,  2,  0,  1,  1,  0,  1,  1,  0,  2,  1,  1,  1,  3,  0,  0,  0,
42,  2,  3,  0,  0,  1,  0,  0,  0,  0,  0,  1,  0,  0,  2,  0,  0,  2,  0,  0,  1,  1,  0,  2,  1,  1,  0,  0,  3,  1,  4,  2,  0,  0,  0,  1,  1,  1,  0,  0,  1,  1,   ,  1,  1,  1,  2,  2,  3,  1,  1,  2,  0,  1,  0,  2,  0,  1,  2,  0,  2,  0,  1,  0,  3,  2,  1,  1,  1,  0,  1,  0,  1,  1,  1,  1,  0,  1,  0,  0,  3,  2,  1,  2,  1,  0,  1,  1,  0,  1,  2,  1,  2,  0,  1,  1,  1,  2,  2,  0,  1,  0,  1,  0,  2,  0,  1,  0,  2,  1,  2,  1,  0,  3,  1,  1,  1,  0,  1,  1,  1,  1,  1,  2,  3,  1,  1,  0,  1,  2,  0,  1,  0,  0,  0,  3,  0,  1,  1,  1,  1,  0,  1,  0,  1,  2,  0,  1,  0,  0,  1,  1,  0,  1,  2,
43,  2,  1,  1,  0,  2,  2,  0,  1,  0,  1,  2,  3,  0,  1,  1,  0,  1,  0,  1,  0,  0,  1,  0,  1,  0,  1,  1,  1,  0,  1,  0,  1,  1,  2,  1,  2,  0,  1,  1,  1,  0,  1,   ,  1,  1,  0,  0,  1,  2,  2,  1,  1,  2,  2,  0,  1,  2,  1,  0,  0,  2,  2,  1,  0,  0,  1,  0,  1,  1,  2,  0,  0,  0,  0,  1,  2,  1,  3,  0,  1,  0,  1,  1,  1,  0,  2,  1,  0,  0,  2,  2,  0,  0,  0,  0,  0,  2,  1,  1,  2,  1,  1,  0,  0,  1,  0,  1,  0,  4,  1,  0,  1,  1,  2,  1,  2,  0,  0,  0,  2,  0,  3,  1,  0,  1,  0,  1,  0,  2,  0,  1,  2,  0,  1,  1,  1,  0,  0,  2,  2,  1,  0,  1,  2,  1,  0,  1,  2,  1,  0,  0,  0,  2,  2,
44,  1,  1,  0,  0,  0,  0,  1,  1,  1,  0,  0,  0,  1,  2,  0,  1,  0,  0,  0,  0,  1,  1,  0,  0,  1,  0,  2,  1,  2,  1,  0,  1,  0,  0,  1,  1,  2,  0,  0,  1,  1,  1,  1,   ,  1,  1,  0,  1,  1,  2,  0,  1,  1,  2,  0,  1,  1,  0,  1,  1,  1,  1,  1,  2,  0,  1,  0,  1,  0,  2,  1,  2,  3,  0,  0,  0,  1,  0,  0,  1,  1,  2,  1,  3,  1,  2,  0,  0,  0,  0,  2,  1,  1,  2,  1,  0,  1,  2,  1,  2,  3,  1,  2,  0,  1,  1,  2,  0,  1,  0,  0,  0,  1,  0,  0,  1,  0,  1,  0,  2,  1,  0,  1,  0,  3,  2,  1,  1,  1,  2,  0,  0,  0,  1,  1,  1,  1,  0,  0,  1,  1,  0,  0,  0,  2,  0,  0,  2,  1,  1,  0,  0,  0,  2,
45,  1,  1,  0,  0,  0,  1,  0,  2,  0,  0,  0,  0,  0,  2,  1,  1,  1,  1,  1,  0,  1,  0,  2,  0,  0,  2,  1,  0,  1,  1,  1,  0,  0,  0,  1,  2,  0,  1,  2,  2,  0,  1,  1,  1,   ,  1,  1,  1,  1,  1,  1,  1,  1,  0,  1,  2,  0,  0,  2,  2,  1,  2,  0,  2,  0,  0,  1,  3,  2,  1,  1,  1,  1,  1,  0,  1,  0,  2,  1,  1,  1,  1,  2,  1,  2,  1,  1,  0,  0,  1,  0,  2,  1,  1,  0,  1,  1,  0,  2,  1,  1,  0,  2,  3,  0,  0,  0,  0,  2,  1,  2,  1,  0,  0,  1,  1,  1,  1,  1,  1,  2,  1,  0,  1,  2,  2,  0,  1,  0,  0,  2,  1,  1,  2,  1,  0,  0,  0,  1,  0,  1,  2,  0,  2,  0,  1,  0,  0,  2,  1,  0,  1,  1,  2,
46,  1,  1,  0,  2,  0,  0,  1,  0,  2,  0,  0,  0,  0,  2,  2,  1,  0,  1,  2,  1,  0,  1,  2,  2,  0,  1,  0,  2,  1,  2,  2,  1,  1,  1,  0,  0,  0,  2,  0,  0,  2,  2,  0,  1,  1,   ,  1,  1,  0,  1,  1,  0,  1,  0,  2,  1,  2,  1,  1,  3,  0,  2,  1,  1,  1,  0,  4,  0,  0,  0,  1,  2,  2,  2,  2,  0,  0,  0,  0,  1,  2,  0,  1,  2,  2,  0,  0,  0,  2,  2,  1,  2,  1,  0,  0,  1,  2,  1,  0,  0,  1,  2,  0,  1,  1,  2,  0,  2,  0,  0,  2,  0,  0,  0,  2,  1,  1,  0,  0,  1,  3,  1,  1,  3,  1,  1,  1,  0,  0,  0,  1,  0,  0,  1,  1,  1,  3,  0,  1,  0,  1,  0,  0,  1,  1,  1,  0,  0,  1,  1,  0,  0,  0,  1,
47,  1,  1,  0,  0,  0,  1,  0,  2,  1,  0,  1,  0,  0,  0,  0,  1,  1,  1,  0,  1,  4,  0,  0,  1,  0,  0,  0,  2,  2,  1,  1,  2,  0,  0,  1,  1,  1,  0,  2,  2,  0,  2,  0,  0,  1,  1,   ,  0,  1,  0,  1,  1,  1,  1,  2,  0,  1,  1,  1,  1,  1,  0,  0,  2,  1,  2,  1,  1,  2,  0,  1,  0,  1,  2,  0,  0,  0,  0,  1,  1,  1,  1,  2,  1,  1,  2,  0,  2,  1,  1,  0,  1,  1,  0,  1,  2,  0,  3,  1,  0,  1,  2,  1,  1,  0,  2,  0,  1,  1,  1,  1,  1,  1,  1,  1,  0,  1,  1,  0,  0,  2,  1,  1,  2,  1,  2,  0,  1,  0,  0,  1,  1,  1,  1,  2,  0,  2,  1,  0,  2,  0,  0,  2,  1,  0,  2,  0,  0,  0,  1,  0,  1,  2,  0,
48,  1,  1,  0,  2,  1,  0,  1,  0,  0,  0,  0,  0,  1,  2,  2,  0,  2,  0,  1,  1,  0,  1,  2,  0,  1,  1,  0,  2,  0,  2,  3,  1,  1,  1,  1,  1,  1,  2,  0,  3,  2,  3,  1,  1,  1,  1,  0,   ,  1,  1,  1,  0,  0,  0,  1,  0,  0,  2,  1,  1,  1,  2,  1,  1,  1,  2,  3,  1,  1,  1,  0,  1,  2,  1,  1,  0,  1,  1,  2,  2,  1,  1,  0,  0,  1,  1,  1,  0,  1,  1,  1,  2,  2,  2,  1,  1,  1,  1,  1,  1,  1,  0,  0,  1,  0,  1,  0,  2,  1,  2,  1,  0,  3,  1,  1,  3,  0,  2,  2,  1,  1,  0,  2,  0,  0,  0,  1,  2,  2,  0,  0,  0,  0,  2,  2,  0,  1,  0,  1,  1,  1,  2,  0,  0,  2,  1,  1,  0,  0,  1,  2,  0,  1,  1,
49,  0,  0,  2,  0,  2,  2,  1,  0,  0,  1,  3,  1,  0,  0,  1,  1,  2,  1,  1,  0,  2,  0,  1,  1,  0,  1,  1,  0,  1,  1,  0,  0,  1,  1,  0,  1,  2,  1,  1,  1,  0,  1,  2,  1,  1,  0,  1,  1,   ,  0,  1,  1,  1,  4,  0,  1,  1,  1,  0,  1,  1,  0,  1,  1,  0,  0,  0,  1,  0,  2,  0,  1,  1,  1,  1,  0,  1,  1,  0,  0,  2,  0,  1,  1,  1,  3,  3,  0,  0,  1,  1,  0,  1,  1,  1,  0,  1,  0,  1,  2,  0,  2,  2,  0,  1,  0,  1,  0,  2,  2,  1,  2,  1,  1,  0,  0,  0,  1,  0,  2,  1,  1,  0,  0,  1,  2,  2,  1,  3,  1,  1,  2,  0,  0,  1,  2,  0,  0,  1,  1,  0,  0,  2,  2,  2,  1,  1,  2,  0,  0,  0,  0,  3,  1,
50,  1,  1,  1,  0,  0,  1,  1,  1,  0,  0,  0,  1,  1,  1,  1,  0,  0,  1,  1,  0,  0,  0,  2,  2,  1,  1,  1,  1,  1,  1,  1,  0,  0,  2,  2,  1,  1,  0,  0,  2,  1,  1,  2,  2,  1,  1,  0,  1,  0,   ,  0,  1,  0,  0,  1,  2,  1,  0,  0,  2,  1,  1,  1,  1,  1,  1,  1,  2,  1,  2,  0,  2,  1,  0,  1,  2,  0,  0,  1,  2,  1,  2,  1,  1,  1,  2,  0,  1,  0,  0,  1,  0,  0,  1,  0,  0,  1,  2,  1,  0,  1,  2,  2,  0,  1,  0,  1,  1,  1,  0,  2,  1,  1,  1,  0,  2,  1,  1,  0,  1,  0,  1,  1,  2,  1,  1,  0,  0,  1,  1,  0,  1,  1,  3,  0,  3,  0,  0,  1,  1,  2,  0,  0,  0,  2,  0,  1,  1,  2,  0,  0,  0,  0,  3,
51,  0,  1,  1,  1,  1,  0,  0,  2,  2,  2,  2,  1,  0,  2,  1,  0,  1,  1,  1,  1,  0,  1,  1,  0,  2,  0,  1,  2,  1,  1,  1,  0,  2,  0,  1,  1,  0,  2,  0,  0,  2,  2,  1,  0,  1,  1,  1,  1,  1,  0,   ,  1,  1,  2,  2,  0,  0,  4,  1,  1,  1,  1,  1,  2,  3,  1,  0,  0,  1,  0,  1,  1,  1,  1,  2,  0,  0,  1,  0,  2,  2,  2,  2,  0,  0,  0,  0,  0,  1,  2,  1,  2,  1,  0,  1,  1,  2,  0,  1,  2,  1,  0,  0,  1,  2,  1,  1,  2,  1,  0,  1,  1,  2,  1,  1,  0,  0,  1,  1,  2,  1,  0,  1,  1,  1,  1,  1,  3,  1,  0,  2,  1,  1,  0,  1,  0,  1,  1,  1,  1,  0,  1,  1,  2,  1,  1,  3,  0,  0,  0,  2,  0,  2,  1,
52,  0,  1,  2,  0,  1,  2,  1,  0,  1,  0,  1,  1,  3,  1,  0,  0,  0,  2,  0,  1,  1,  3,  1,  0,  3,  0,  0,  0,  0,  0,  0,  1,  1,  2,  1,  2,  1,  0,  3,  1,  1,  0,  1,  1,  1,  0,  1,  0,  1,  1,  1,   ,  1,  1,  0,  1,  1,  1,  2,  1,  0,  1,  1,  0,  2,  0,  0,  0,  2,  2,  3,  0,  0,  2,  0,  0,  3,  2,  0,  1,  0,  1,  0,  1,  2,  1,  0,  1,  1,  1,  0,  1,  0,  0,  2,  1,  0,  0,  1,  0,  1,  0,  2,  1,  1,  1,  4,  0,  2,  0,  2,  1,  0,  0,  1,  1,  0,  2,  1,  0,  1,  0,  1,  1,  1,  3,  0,  1,  1,  1,  0,  3,  1,  0,  0,  1,  0,  0,  0,  0,  0,  0,  0,  2,  0,  1,  1,  1,  0,  1,  0,  0,  2,  1,
53,  1,  2,  1,  0,  1,  1,  1,  0,  0,  1,  1,  3,  0,  1,  0,  1,  1,  1,  0,  0,  1,  1,  1,  1,  0,  0,  2,  0,  1,  1,  0,  2,  0,  1,  1,  0,  0,  0,  2,  0,  0,  1,  2,  1,  1,  1,  1,  0,  1,  0,  1,  1,   ,  1,  2,  2,  1,  0,  0,  1,  3,  1,  2,  2,  1,  2,  0,  0,  2,  0,  0,  0,  1,  0,  1,  1,  1,  2,  1,  0,  1,  0,  3,  1,  0,  0,  1,  1,  0,  2,  0,  1,  1,  2,  1,  1,  1,  1,  1,  1,  2,  0,  0,  1,  1,  0,  1,  0,  2,  0,  1,  1,  0,  3,  3,  1,  1,  0,  0,  1,  1,  2,  0,  1,  4,  0,  1,  0,  1,  1,  1,  2,  0,  0,  1,  0,  1,  0,  1,  2,  0,  1,  1,  2,  0,  0,  0,  1,  1,  0,  0,  2,  1,  2,
54,  0,  0,  2,  0,  1,  1,  1,  1,  1,  1,  3,  1,  1,  0,  1,  1,  2,  0,  1,  0,  1,  0,  0,  1,  1,  1,  1,  1,  2,  0,  0,  0,  1,  1,  0,  1,  2,  1,  0,  0,  0,  0,  2,  2,  0,  0,  1,  0,  4,  0,  2,  1,  1,   ,  0,  1,  1,  1,  0,  1,  1,  1,  1,  1,  0,  0,  0,  1,  1,  2,  1,  1,  1,  0,  1,  0,  1,  1,  0,  0,  2,  2,  1,  2,  0,  2,  2,  0,  0,  1,  1,  0,  2,  0,  1,  0,  1,  0,  1,  2,  1,  2,  2,  0,  1,  2,  2,  0,  1,  1,  0,  3,  1,  1,  0,  0,  0,  2,  0,  2,  0,  1,  0,  0,  1,  2,  2,  2,  2,  2,  2,  1,  0,  0,  0,  2,  0,  0,  1,  1,  0,  0,  3,  1,  1,  0,  1,  3,  0,  0,  0,  0,  2,  1,
55,  0,  1,  0,  1,  0,  0,  0,  1,  1,  0,  0,  0,  0,  1,  0,  2,  1,  0,  2,  0,  2,  0,  1,  0,  1,  1,  0,  2,  0,  2,  1,  2,  0,  0,  2,  1,  2,  1,  1,  2,  1,  2,  0,  0,  1,  2,  2,  1,  0,  1,  2,  0,  2,  0,   ,  1,  1,  1,  1,  1,  1,  1,  1,  1,  1,  3,  1,  1,  1,  0,  2,  2,  0,  0,  2,  1,  0,  0,  2,  2,  3,  1,  2,  0,  1,  1,  0,  2,  1,  1,  0,  3,  0,  0,  1,  1,  2,  3,  1,  1,  0,  1,  1,  1,  0,  1,  0,  2,  0,  0,  1,  0,  1,  2,  2,  0,  3,  0,  1,  1,  3,  1,  0,  2,  2,  0,  0,  1,  0,  1,  1,  0,  1,  2,  2,  0,  1,  0,  1,  2,  1,  1,  1,  1,  0,  1,  2,  0,  0,  0,  1,  1,  0,  1,
56,  1,  1,  2,  1,  0,  1,  1,  1,  1,  1,  1,  2,  1,  0,  0,  2,  1,  1,  2,  0,  0,  0,  1,  1,  1,  1,  2,  1,  1,  1,  0,  0,  0,  1,  1,  0,  0,  1,  1,  0,  0,  0,  1,  1,  2,  1,  0,  0,  1,  2,  0,  1,  2,  1,  1,   ,  1,  0,  1,  1,  1,  0,  1,  1,  2,  0,  1,  1,  2,  1,  2,  1,  1,  0,  2,  1,  0,  1,  0,  1,  1,  1,  2,  0,  3,  0,  2,  1,  1,  0,  0,  0,  0,  2,  0,  1,  1,  0,  2,  0,  1,  0,  1,  1,  2,  1,  1,  0,  1,  0,  1,  3,  0,  2,  1,  0,  2,  1,  0,  2,  1,  3,  0,  0,  1,  1,  0,  1,  1,  1,  0,  2,  2,  1,  0,  1,  0,  0,  1,  1,  2,  2,  1,  0,  0,  0,  0,  1,  2,  0,  0,  2,  0,  3,
57,  0,  1,  1,  1,  1,  1,  0,  0,  2,  0,  2,  2,  0,  1,  0,  1,  2,  0,  1,  0,  1,  2,  0,  2,  0,  1,  0,  1,  1,  2,  0,  2,  0,  3,  0,  1,  0,  1,  1,  0,  1,  1,  2,  1,  0,  2,  1,  0,  1,  1,  0,  1,  1,  1,  1,  1,   ,  0,  1,  0,  1,  1,  0,  1,  0,  1,  1,  2,  1,  1,  1,  1,  1,  0,  1,  1,  1,  1,  0,  0,  1,  1,  1,  0,  2,  2,  1,  0,  2,  1,  1,  1,  1,  0,  0,  0,  1,  2,  0,  0,  2,  2,  1,  1,  1,  2,  1,  0,  1,  2,  0,  1,  0,  1,  1,  1,  1,  0,  0,  1,  2,  3,  1,  1,  1,  1,  1,  0,  1,  0,  1,  1,  0,  1,  0,  2,  1,  1,  0,  0,  2,  0,  1,  1,  0,  0,  0,  1,  0,  2,  0,  0,  1,  0,
58,  1,  0,  1,  2,  1,  0,  1,  1,  1,  2,  2,  1,  1,  1,  1,  0,  1,  1,  1,  3,  0,  2,  0,  1,  2,  0,  1,  2,  1,  0,  3,  1,  2,  0,  1,  1,  0,  2,  0,  1,  3,  2,  1,  0,  0,  1,  1,  2,  1,  0,  4,  1,  0,  1,  1,  0,  0,   ,  1,  1,  1,  1,  1,  0,  4,  2,  2,  0,  0,  0,  1,  1,  0,  2,  2,  0,  0,  1,  1,  3,  0,  1,  1,  1,  1,  0,  0,  0,  1,  3,  1,  1,  0,  1,  1,  3,  1,  0,  1,  2,  1,  1,  0,  0,  2,  0,  1,  3,  1,  1,  1,  0,  1,  1,  0,  1,  0,  0,  1,  2,  1,  0,  1,  1,  0,  2,  1,  3,  1,  0,  0,  1,  1,  0,  2,  0,  2,  1,  1,  1,  1,  1,  0,  1,  1,  1,  3,  0,  0,  0,  3,  0,  1,  0,
59,  0,  1,  1,  0,  0,  1,  1,  1,  2,  0,  1,  0,  1,  3,  1,  1,  1,  1,  1,  1,  1,  3,  1,  0,  1,  1,  0,  0,  0,  0,  1,  2,  1,  0,  2,  0,  1,  1,  2,  2,  2,  0,  0,  1,  2,  1,  1,  1,  0,  0,  1,  2,  0,  0,  1,  1,  1,  1,   ,  1,  1,  0,  1,  0,  1,  1,  1,  1,  2,  0,  4,  2,  1,  1,  0,  0,  1,  2,  1,  2,  0,  0,  0,  0,  2,  1,  1,  1,  1,  0,  1,  4,  1,  0,  1,  2,  0,  2,  3,  0,  1,  1,  0,  3,  1,  0,  1,  0,  0,  0,  0,  1,  0,  0,  1,  1,  1,  1,  2,  1,  2,  0,  1,  1,  0,  1,  0,  2,  1,  0,  0,  0,  2,  2,  1,  0,  1,  0,  0,  1,  0,  2,  1,  0,  0,  1,  1,  0,  0,  3,  0,  1,  0,  0,
60,  1,  1,  1,  0,  0,  0,  2,  0,  0,  0,  0,  0,  1,  2,  2,  1,  1,  1,  0,  1,  1,  0,  4,  2,  1,  0,  0,  1,  1,  1,  3,  0,  0,  1,  0,  0,  1,  1,  0,  1,  1,  2,  0,  1,  2,  3,  1,  1,  1,  2,  1,  1,  1,  1,  1,  1,  0,  1,  1,   ,  1,  1,  0,  1,  2,  0,  3,  1,  2,  2,  0,  2,  0,  1,  1,  0,  0,  1,  1,  1,  2,  0,  1,  3,  1,  1,  0,  1,  0,  2,  0,  2,  1,  0,  0,  1,  1,  0,  1,  1,  0,  3,  0,  2,  1,  0,  2,  1,  0,  0,  3,  1,  0,  0,  1,  2,  0,  2,  1,  0,  1,  0,  0,  3,  2,  1,  0,  1,  0,  1,  1,  1,  1,  1,  1,  3,  1,  0,  1,  0,  0,  1,  0,  1,  2,  0,  0,  1,  1,  1,  0,  0,  0,  2,
61,  1,  1,  0,  0,  1,  1,  1,  0,  0,  2,  1,  2,  0,  1,  2,  1,  1,  1,  1,  0,  1,  0,  1,  2,  0,  0,  3,  0,  1,  0,  1,  1,  1,  1,  1,  1,  0,  2,  1,  1,  0,  0,  2,  1,  1,  0,  1,  1,  1,  1,  1,  0,  3,  1,  1,  1,  1,  1,  1,  1,   ,  1,  1,  1,  1,  3,  1,  1,  2,  1,  0,  0,  1,  0,  2,  2,  0,  1,  2,  0,  0,  1,  1,  1,  0,  1,  0,  1,  0,  1,  1,  1,  2,  2,  1,  1,  1,  1,  1,  2,  1,  1,  0,  1,  2,  0,  0,  0,  0,  0,  0,  0,  0,  3,  1,  1,  1,  1,  1,  1,  0,  2,  0,  0,  2,  0,  2,  0,  0,  1,  0,  2,  0,  2,  1,  1,  1,  0,  0,  3,  1,  2,  0,  1,  0,  0,  1,  1,  1,  1,  0,  2,  1,  0,
62,  1,  1,  0,  2,  0,  1,  1,  1,  0,  0,  0,  1,  2,  1,  1,  0,  0,  0,  1,  1,  0,  1,  1,  1,  1,  2,  0,  0,  0,  1,  1,  1,  1,  2,  0,  3,  1,  1,  0,  1,  1,  1,  2,  1,  2,  2,  0,  2,  0,  1,  1,  1,  1,  1,  1,  0,  1,  1,  0,  1,  1,   ,  1,  1,  0,  2,  2,  1,  0,  3,  1,  0,  1,  1,  0,  2,  1,  1,  1,  0,  1,  2,  1,  2,  1,  1,  0,  0,  1,  2,  0,  1,  1,  1,  1,  1,  1,  0,  0,  1,  1,  1,  1,  1,  0,  2,  1,  1,  1,  2,  2,  0,  0,  1,  2,  1,  0,  1,  0,  0,  2,  2,  1,  1,  1,  1,  1,  1,  0,  1,  2,  0,  0,  2,  1,  1,  1,  0,  1,  0,  2,  0,  0,  1,  0,  1,  0,  2,  1,  0,  1,  0,  0,  1,
63,  0,  1,  1,  2,  0,  2,  1,  1,  0,  1,  1,  2,  1,  0,  1,  0,  1,  0,  2,  2,  0,  1,  0,  0,  2,  2,  1,  0,  1,  0,  0,  0,  3,  1,  1,  0,  1,  2,  1,  1,  0,  0,  1,  1,  0,  1,  0,  1,  1,  1,  1,  1,  2,  1,  1,  1,  0,  1,  1,  0,  1,  1,   ,  1,  1,  1,  1,  1,  0,  0,  1,  1,  2,  3,  0,  1,  1,  1,  1,  1,  1,  0,  2,  1,  0,  0,  1,  0,  1,  0,  0,  1,  2,  1,  2,  0,  0,  1,  1,  1,  1,  0,  1,  1,  1,  1,  0,  3,  2,  0,  0,  1,  0,  1,  1,  0,  1,  0,  1,  1,  0,  1,  1,  2,  1,  0,  2,  0,  3,  1,  0,  0,  1,  2,  1,  0,  2,  1,  1,  0,  0,  0,  1,  0,  1,  2,  1,  1,  0,  1,  1,  0,  0,  1,
64,  0,  2,  0,  0,  1,  0,  0,  2,  1,  0,  1,  0,  0,  1,  0,  0,  1,  0,  0,  0,  1,  0,  2,  0,  0,  0,  2,  1,  3,  3,  0,  0,  0,  0,  0,  0,  1,  0,  0,  0,  0,  3,  0,  2,  2,  1,  2,  1,  1,  1,  2,  0,  2,  1,  1,  1,  1,  0,  0,  1,  1,  1,  1,   ,  0,  1,  0,  2,  1,  1,  0,  0,  4,  0,  0,  0,  1,  0,  0,  0,  3,  2,  3,  1,  0,  0,  1,  0,  1,  1,  0,  1,  2,  3,  1,  0,  1,  1,  1,  1,  3,  0,  1,  2,  0,  2,  0,  0,  0,  2,  1,  1,  2,  0,  1,  0,  0,  2,  0,  1,  1,  1,  1,  2,  3,  1,  1,  1,  1,  0,  2,  0,  0,  1,  2,  0,  0,  1,  0,  0,  1,  0,  1,  1,  1,  0,  0,  0,  1,  1,  0,  0,  2,  2,
65,  2,  1,  2,  1,  0,  0,  1,  1,  1,  2,  1,  2,  1,  1,  0,  0,  1,  2,  0,  2,  0,  1,  1,  2,  3,  0,  1,  2,  1,  0,  2,  0,  1,  1,  1,  1,  0,  1,  0,  0,  2,  2,  0,  0,  0,  1,  1,  1,  0,  1,  3,  2,  1,  0,  1,  2,  0,  4,  1,  2,  1,  0,  1,  0,   ,  1,  1,  0,  1,  1,  1,  1,  0,  2,  2,  1,  0,  1,  0,  3,  0,  1,  1,  1,  1,  0,  0,  1,  1,  1,  0,  1,  0,  1,  1,  2,  0,  0,  1,  1,  0,  1,  0,  0,  3,  0,  2,  3,  1,  0,  1,  1,  1,  2,  1,  0,  0,  1,  1,  1,  0,  1,  1,  1,  0,  2,  0,  2,  1,  1,  0,  2,  2,  0,  2,  1,  2,  1,  1,  1,  0,  2,  0,  0,  1,  1,  2,  0,  1,  0,  2,  1,  0,  1,
66,  0,  0,  0,  1,  0,  1,  1,  1,  0,  0,  0,  1,  1,  0,  0,  1,  1,  0,  0,  1,  2,  1,  0,  1,  1,  0,  1,  1,  1,  0,  2,  3,  0,  1,  1,  2,  1,  0,  1,  2,  2,  1,  1,  1,  0,  0,  2,  2,  0,  1,  1,  0,  2,  0,  3,  0,  1,  2,  1,  0,  3,  2,  1,  1,  1,   ,  1,  0,  1,  1,  1,  1,  1,  0,  1,  1,  0,  0,  2,  1,  0,  2,  1,  1,  1,  2,  0,  2,  0,  1,  0,  2,  1,  2,  1,  2,  0,  2,  1,  2,  2,  2,  0,  0,  0,  0,  0,  1,  0,  1,  1,  0,  1,  3,  1,  1,  1,  0,  1,  1,  2,  1,  0,  0,  2,  0,  1,  2,  0,  0,  0,  0,  1,  2,  3,  1,  1,  0,  1,  2,  2,  1,  1,  0,  0,  1,  1,  1,  0,  0,  2,  1,  0,  0,
67,  1,  0,  0,  3,  0,  0,  2,  0,  1,  0,  0,  0,  1,  1,  3,  1,  1,  1,  2,  2,  0,  1,  2,  2,  0,  1,  0,  2,  1,  1,  4,  1,  1,  1,  0,  0,  0,  3,  0,  2,  2,  1,  0,  0,  1,  4,  1,  3,  0,  1,  0,  0,  0,  0,  1,  1,  1,  2,  1,  3,  1,  2,  1,  0,  1,  1,   ,  1,  1,  0,  1,  1,  1,  2,  2,  0,  0,  1,  2,  1,  1,  0,  0,  2,  2,  0,  0,  0,  2,  2,  0,  1,  2,  1,  0,  2,  1,  0,  1,  0,  1,  2,  0,  1,  0,  2,  0,  2,  0,  1,  2,  0,  0,  0,  1,  3,  1,  1,  1,  0,  2,  1,  1,  2,  0,  1,  1,  1,  0,  0,  0,  0,  0,  2,  1,  1,  2,  0,  1,  0,  2,  1,  0,  0,  1,  1,  0,  0,  1,  1,  1,  0,  0,  0,
68,  1,  1,  1,  0,  0,  0,  0,  2,  0,  0,  2,  0,  0,  1,  1,  0,  3,  0,  1,  0,  1,  0,  1,  1,  0,  3,  1,  0,  2,  1,  1,  0,  0,  1,  1,  1,  1,  1,  0,  2,  0,  1,  1,  1,  3,  0,  1,  1,  1,  2,  0,  0,  0,  1,  1,  1,  2,  0,  1,  1,  1,  1,  1,  2,  0,  0,  1,   ,  1,  1,  0,  1,  1,  0,  0,  2,  0,  2,  2,  1,  1,  1,  2,  1,  0,  1,  1,  0,  1,  0,  0,  1,  2,  1,  0,  0,  0,  2,  2,  1,  1,  1,  3,  2,  0,  1,  0,  1,  1,  3,  0,  1,  0,  0,  0,  1,  1,  1,  1,  1,  0,  2,  1,  2,  1,  2,  1,  0,  1,  1,  2,  0,  0,  3,  1,  1,  0,  1,  1,  0,  1,  1,  1,  0,  0,  0,  1,  0,  2,  2,  0,  0,  0,  1,
69,  0,  0,  1,  0,  1,  0,  0,  1,  1,  0,  0,  1,  1,  1,  1,  2,  1,  0,  1,  0,  1,  1,  2,  0,  1,  1,  0,  1,  1,  0,  1,  2,  0,  2,  2,  0,  0,  1,  3,  1,  0,  0,  1,  0,  2,  0,  2,  1,  0,  1,  1,  2,  2,  1,  1,  2,  1,  0,  2,  2,  2,  0,  0,  1,  1,  1,  1,  1,   ,  1,  1,  1,  1,  0,  0,  0,  1,  2,  2,  1,  1,  1,  1,  0,  2,  0,  1,  2,  0,  1,  0,  1,  2,  0,  1,  2,  0,  1,  1,  0,  2,  0,  0,  2,  1,  1,  2,  0,  1,  0,  1,  3,  1,  1,  1,  2,  2,  3,  1,  0,  0,  0,  0,  0,  2,  0,  0,  2,  0,  0,  1,  2,  2,  1,  0,  1,  1,  0,  0,  1,  0,  2,  1,  1,  0,  0,  0,  0,  0,  1,  0,  2,  2,  1,
70,  1,  0,  1,  0,  1,  1,  1,  1,  0,  0,  0,  1,  2,  0,  0,  1,  0,  0,  0,  0,  1,  0,  2,  1,  2,  1,  0,  0,  0,  1,  0,  0,  0,  2,  0,  3,  3,  0,  0,  0,  0,  1,  2,  2,  1,  0,  0,  1,  2,  2,  0,  2,  0,  2,  0,  1,  1,  0,  0,  2,  1,  3,  0,  1,  1,  1,  0,  1,  1,   ,  1,  1,  1,  0,  0,  2,  2,  1,  0,  0,  2,  2,  0,  3,  1,  2,  1,  1,  0,  0,  0,  0,  0,  1,  2,  0,  0,  0,  0,  2,  0,  2,  1,  0,  1,  1,  3,  0,  1,  2,  1,  1,  1,  1,  0,  0,  0,  3,  0,  0,  0,  2,  0,  0,  1,  1,  0,  1,  1,  2,  1,  1,  1,  1,  2,  3,  0,  0,  1,  0,  1,  0,  0,  0,  2,  0,  0,  3,  1,  0,  0,  0,  1,  1,
71,  0,  1,  1,  1,  0,  1,  1,  1,  2,  0,  1,  0,  2,  1,  0,  2,  0,  1,  2,  1,  1,  2,  0,  0,  2,  1,  0,  1,  0,  1,  0,  1,  1,  0,  2,  1,  2,  1,  2,  1,  1,  0,  0,  1,  1,  1,  1,  0,  0,  0,  1,  3,  0,  1,  2,  2,  1,  1,  4,  0,  0,  1,  1,  0,  1,  1,  1,  0,  1,  1,   ,  1,  0,  1,  1,  0,  2,  1,  0,  2,  1,  1,  0,  1,  2,  1,  1,  1,  2,  0,  0,  2,  0,  0,  2,  2,  1,  1,  2,  0,  0,  1,  1,  2,  0,  2,  2,  0,  0,  0,  0,  1,  0,  0,  1,  0,  2,  1,  1,  0,  2,  1,  1,  1,  0,  2,  0,  2,  1,  1,  0,  0,  2,  1,  1,  0,  0,  0,  0,  1,  1,  1,  1,  0,  0,  1,  1,  1,  0,  1,  0,  1,  0,  0,
72,  0,  0,  0,  0,  0,  0,  2,  0,  1,  0,  0,  0,  0,  1,  1,  2,  1,  1,  2,  0,  1,  1,  1,  1,  1,  2,  0,  1,  0,  0,  2,  1,  0,  0,  2,  1,  2,  0,  1,  1,  3,  1,  0,  2,  1,  2,  0,  1,  1,  2,  1,  0,  0,  1,  2,  1,  1,  1,  2,  2,  0,  0,  1,  0,  1,  1,  1,  1,  1,  1,  1,   ,  1,  0,  2,  1,  0,  0,  1,  3,  2,  1,  0,  2,  2,  1,  1,  0,  0,  0,  1,  2,  0,  0,  0,  1,  0,  2,  0,  2,  1,  2,  1,  1,  1,  0,  1,  2,  0,  0,  1,  1,  1,  1,  0,  1,  2,  0,  1,  2,  1,  0,  0,  2,  1,  0,  0,  3,  0,  2,  0,  0,  1,  1,  1,  2,  1,  0,  2,  0,  0,  2,  0,  0,  2,  0,  2,  1,  1,  1,  1,  1,  0,  0,
73,  0,  0,  0,  1,  1,  0,  0,  2,  2,  0,  0,  0,  0,  1,  1,  0,  0,  0,  1,  0,  0,  1,  1,  0,  0,  1,  2,  1,  3,  1,  0,  1,  1,  1,  0,  0,  1,  1,  0,  0,  1,  1,  0,  3,  1,  2,  1,  2,  1,  1,  1,  0,  1,  1,  0,  1,  1,  0,  1,  0,  1,  1,  2,  4,  0,  1,  1,  1,  1,  1,  0,  1,   ,  1,  0,  0,  1,  0,  0,  0,  2,  2,  1,  1,  1,  0,  1,  0,  1,  0,  1,  1,  3,  3,  1,  0,  0,  1,  1,  1,  4,  0,  1,  0,  1,  2,  0,  1,  0,  1,  0,  1,  2,  0,  1,  0,  0,  2,  0,  2,  1,  0,  1,  0,  2,  1,  2,  1,  1,  0,  1,  0,  0,  2,  2,  0,  2,  0,  0,  0,  1,  0,  1,  0,  1,  1,  0,  0,  1,  1,  0,  0,  2,  1,
74,  1,  2,  1,  3,  1,  2,  2,  2,  0,  1,  1,  1,  1,  0,  1,  0,  0,  1,  1,  3,  1,  1,  0,  1,  2,  1,  0,  1,  1,  0,  1,  0,  3,  1,  0,  1,  0,  2,  2,  1,  0,  1,  0,  0,  1,  2,  2,  1,  1,  0,  1,  2,  0,  0,  0,  0,  0,  2,  1,  1,  0,  1,  3,  0,  2,  0,  2,  0,  0,  0,  1,  0,  1,   ,  0,  0,  1,  1,  0,  1,  0,  0,  1,  1,  1,  1,  0,  1,  1,  1,  1,  1,  1,  1,  3,  1,  0,  0,  0,  1,  0,  1,  1,  1,  1,  1,  0,  3,  2,  0,  1,  1,  0,  0,  2,  0,  0,  0,  2,  0,  1,  0,  1,  2,  0,  2,  2,  0,  2,  1,  0,  1,  2,  1,  1,  0,  3,  2,  1,  1,  1,  1,  1,  2,  2,  4,  1,  1,  1,  2,  2,  1,  2,  1,
75,  2,  1,  0,  1,  2,  0,  2,  0,  2,  2,  1,  1,  1,  0,  2,  1,  1,  2,  2,  1,  0,  0,  1,  2,  1,  0,  3,  2,  1,  2,  2,  1,  2,  0,  0,  2,  0,  2,  0,  0,  2,  1,  1,  0,  0,  2,  0,  1,  1,  1,  2,  0,  1,  1,  2,  2,  1,  2,  0,  1,  2,  0,  0,  0,  2,  1,  2,  0,  0,  0,  1,  2,  0,  0,   ,  1,  1,  0,  1,  1,  1,  1,  0,  1,  1,  0,  0,  0,  1,  1,  1,  1,  0,  1,  0,  0,  2,  0,  0,  2,  0,  1,  0,  1,  2,  1,  0,  1,  0,  0,  1,  0,  2,  2,  1,  1,  2,  1,  1,  2,  1,  2,  0,  1,  0,  0,  2,  1,  0,  1,  0,  2,  0,  0,  1,  1,  0,  1,  2,  2,  1,  2,  1,  1,  1,  0,  2,  0,  2,  0,  1,  2,  1,  0,
76,  2,  1,  1,  0,  1,  3,  1,  1,  1,  2,  0,  3,  1,  1,  1,  1,  1,  2,  2,  1,  0,  0,  0,  3,  1,  2,  1,  0,  0,  0,  0,  0,  0,  1,  1,  2,  1,  0,  0,  1,  0,  0,  2,  0,  1,  0,  0,  0,  0,  2,  0,  0,  1,  0,  1,  1,  1,  0,  0,  0,  2,  2,  1,  0,  1,  1,  0,  2,  0,  2,  0,  1,  0,  0,  1,   ,  1,  1,  1,  1,  1,  1,  0,  1,  0,  1,  1,  1,  0,  1,  1,  0,  1,  1,  0,  0,  2,  1,  1,  1,  0,  1,  1,  0,  1,  0,  1,  2,  1,  2,  0,  0,  0,  3,  1,  1,  1,  0,  1,  1,  0,  3,  0,  1,  0,  0,  0,  0,  0,  3,  2,  2,  0,  2,  1,  1,  1,  1,  2,  1,  2,  2,  0,  0,  0,  0,  2,  1,  3,  1,  0,  2,  0,  0,
77,  1,  1,  0,  0,  4,  2,  1,  0,  2,  1,  0,  2,  4,  1,  0,  1,  0,  0,  0,  2,  0,  2,  1,  0,  2,  0,  1,  0,  1,  2,  0,  2,  2,  1,  0,  2,  2,  0,  2,  0,  0,  1,  1,  1,  0,  0,  0,  1,  1,  0,  0,  3,  1,  1,  0,  0,  1,  0,  1,  0,  0,  1,  1,  1,  0,  0,  0,  0,  1,  2,  2,  0,  1,  1,  1,  1,   ,  1,  1,  0,  1,  1,  0,  1,  0,  0,  1,  0,  0,  1,  1,  1,  1,  1,  3,  0,  1,  0,  0,  0,  1,  0,  1,  2,  0,  1,  3,  0,  1,  2,  0,  0,  2,  1,  1,  2,  1,  3,  1,  1,  0,  0,  0,  1,  1,  1,  1,  0,  2,  2,  1,  1,  0,  0,  1,  0,  0,  1,  1,  0,  0,  1,  1,  1,  1,  0,  1,  1,  0,  1,  0,  2,  2,  0,
78,  1,  1,  3,  1,  2,  1,  1,  2,  1,  0,  3,  2,  0,  2,  1,  0,  2,  1,  0,  0,  0,  2,  1,  0,  0,  1,  0,  0,  0,  0,  1,  1,  0,  1,  1,  1,  0,  1,  1,  1,  1,  0,  3,  0,  2,  0,  0,  1,  1,  0,  1,  2,  2,  1,  0,  1,  1,  1,  2,  1,  1,  1,  1,  0,  1,  0,  1,  2,  2,  1,  1,  0,  0,  1,  0,  1,  1,   ,  1,  1,  0,  0,  1,  1,  0,  0,  1,  1,  1,  1,  1,  1,  1,  1,  1,  1,  0,  0,  3,  2,  1,  0,  0,  1,  0,  0,  2,  0,  3,  1,  0,  2,  0,  1,  2,  2,  0,  1,  2,  1,  0,  2,  1,  0,  1,  1,  1,  1,  1,  1,  1,  1,  1,  1,  1,  0,  0,  1,  3,  1,  1,  2,  2,  2,  1,  1,  2,  2,  2,  2,  1,  1,  2,  2,
79,  2,  0,  0,  1,  1,  0,  1,  0,  1,  1,  0,  0,  2,  1,  2,  1,  1,  0,  1,  2,  2,  2,  2,  0,  0,  2,  2,  1,  1,  1,  3,  3,  1,  1,  2,  1,  2,  1,  1,  3,  1,  0,  0,  0,  1,  0,  1,  2,  0,  1,  0,  0,  1,  0,  2,  0,  0,  1,  1,  1,  2,  1,  1,  0,  0,  2,  2,  2,  2,  0,  0,  1,  0,  0,  1,  1,  1,  1,   ,  1,  1,  1,  1,  0,  1,  0,  1,  1,  1,  1,  1,  1,  1,  1,  1,  3,  0,  2,  1,  0,  1,  0,  2,  2,  1,  0,  0,  1,  0,  1,  1,  0,  2,  1,  0,  2,  4,  2,  2,  0,  1,  0,  1,  1,  1,  0,  1,  1,  0,  1,  0,  0,  0,  2,  0,  1,  1,  2,  0,  1,  1,  1,  1,  0,  0,  1,  1,  0,  0,  1,  2,  2,  0,  0,
80,  2,  1,  1,  0,  0,  0,  0,  0,  1,  0,  1,  0,  0,  2,  0,  1,  1,  1,  2,  1,  0,  1,  0,  1,  1,  2,  0,  3,  1,  1,  2,  0,  0,  0,  4,  1,  1,  0,  1,  2,  2,  3,  1,  1,  1,  1,  1,  2,  0,  2,  2,  1,  0,  0,  2,  1,  0,  3,  2,  1,  0,  0,  1,  0,  3,  1,  1,  1,  1,  0,  2,  3,  0,  1,  1,  1,  0,  1,  1,   ,  1,  1,  0,  1,  1,  1,  1,  0,  1,  1,  1,  1,  0,  0,  0,  3,  1,  2,  1,  1,  0,  1,  1,  1,  0,  0,  1,  3,  1,  0,  0,  1,  2,  1,  0,  1,  2,  0,  1,  1,  0,  0,  2,  2,  0,  2,  0,  3,  1,  1,  0,  0,  1,  1,  2,  0,  1,  0,  1,  1,  0,  2,  0,  0,  1,  0,  3,  0,  0,  0,  1,  1,  0,  1,
81,  0,  1,  0,  1,  1,  0,  1,  1,  2,  0,  0,  0,  0,  1,  0,  2,  0,  0,  2,  0,  1,  0,  2,  0,  0,  1,  0,  2,  1,  3,  0,  0,  0,  0,  1,  0,  3,  1,  0,  1,  0,  2,  0,  1,  1,  2,  1,  1,  2,  1,  2,  0,  1,  2,  3,  1,  1,  0,  0,  2,  0,  1,  1,  3,  0,  0,  1,  1,  1,  2,  1,  2,  2,  0,  1,  1,  1,  0,  1,  1,   ,  1,  1,  1,  1,  1,  1,  0,  1,  1,  0,  1,  1,  1,  1,  0,  2,  1,  0,  1,  1,  1,  1,  1,  0,  2,  1,  1,  0,  1,  1,  1,  2,  0,  1,  0,  2,  2,  0,  0,  2,  1,  0,  2,  2,  0,  0,  2,  1,  2,  2,  0,  0,  1,  1,  1,  0,  0,  0,  0,  1,  0,  1,  1,  2,  0,  1,  1,  0,  0,  0,  0,  2,  1,
82,  1,  0,  0,  0,  0,  1,  0,  2,  1,  1,  0,  1,  1,  0,  1,  0,  1,  0,  0,  0,  1,  1,  1,  1,  2,  1,  2,  3,  2,  0,  2,  0,  0,  2,  0,  3,  2,  0,  0,  0,  1,  1,  1,  2,  1,  0,  1,  1,  0,  2,  2,  1,  0,  2,  1,  1,  1,  1,  0,  0,  1,  2,  0,  2,  1,  2,  0,  1,  1,  2,  1,  1,  2,  0,  1,  1,  1,  0,  1,  1,  1,   ,  1,  1,  0,  1,  1,  0,  1,  0,  1,  1,  1,  1,  1,  1,  0,  0,  1,  1,  2,  1,  3,  0,  1,  2,  1,  1,  0,  0,  0,  1,  3,  2,  0,  0,  1,  2,  2,  2,  0,  1,  1,  0,  1,  2,  0,  2,  0,  1,  1,  0,  0,  2,  1,  2,  0,  1,  1,  0,  2,  1,  1,  0,  0,  1,  1,  2,  1,  0,  2,  0,  1,  1,
83,  0,  2,  1,  1,  0,  1,  0,  2,  0,  1,  2,  2,  0,  1,  0,  1,  2,  0,  0,  1,  2,  0,  1,  0,  1,  0,  1,  0,  1,  2,  0,  1,  1,  0,  1,  0,  0,  1,  1,  0,  0,  2,  1,  1,  2,  1,  2,  0,  1,  1,  2,  0,  3,  1,  2,  2,  1,  1,  0,  1,  1,  1,  2,  3,  1,  1,  0,  2,  1,  0,  0,  0,  1,  1,  0,  0,  0,  1,  1,  0,  1,  1,   ,  0,  0,  0,  1,  1,  1,  1,  0,  1,  0,  1,  2,  1,  1,  2,  2,  0,  1,  0,  1,  2,  1,  1,  0,  1,  2,  1,  1,  1,  0,  2,  1,  0,  1,  0,  0,  2,  1,  2,  1,  2,  3,  1,  0,  0,  2,  0,  1,  0,  1,  1,  0,  0,  2,  2,  1,  1,  1,  0,  1,  1,  1,  1,  0,  1,  1,  1,  1,  1,  0,  3,
84,  2,  0,  0,  0,  0,  0,  2,  1,  0,  0,  0,  0,  1,  0,  1,  1,  0,  1,  0,  1,  1,  0,  1,  2,  1,  1,  1,  1,  2,  0,  2,  0,  0,  0,  0,  2,  2,  0,  0,  0,  1,  1,  1,  3,  1,  2,  1,  0,  1,  1,  0,  1,  1,  2,  0,  0,  0,  1,  0,  3,  1,  2,  1,  1,  1,  1,  2,  1,  0,  3,  1,  2,  1,  1,  1,  1,  1,  1,  0,  1,  1,  1,  0,   ,  0,  1,  0,  0,  0,  1,  0,  0,  1,  1,  1,  1,  0,  0,  0,  3,  1,  3,  1,  0,  0,  1,  2,  1,  1,  1,  1,  0,  0,  0,  0,  1,  0,  1,  0,  0,  0,  1,  0,  2,  2,  2,  1,  1,  0,  2,  1,  0,  0,  0,  3,  2,  1,  0,  2,  0,  0,  0,  0,  0,  2,  0,  0,  2,  2,  0,  0,  0,  0,  0,
85,  0,  0,  1,  2,  0,  1,  1,  0,  2,  0,  0,  0,  2,  1,  0,  2,  0,  1,  2,  1,  1,  2,  1,  0,  1,  1,  0,  1,  0,  1,  1,  2,  0,  1,  1,  1,  0,  1,  2,  2,  2,  0,  0,  1,  2,  2,  1,  1,  1,  1,  0,  2,  0,  0,  1,  3,  2,  1,  2,  1,  0,  1,  0,  0,  1,  1,  2,  0,  2,  1,  2,  2,  1,  1,  1,  0,  0,  0,  1,  1,  1,  0,  0,  0,   ,  1,  1,  1,  1,  1,  1,  1,  0,  1,  0,  2,  1,  1,  0,  0,  2,  0,  1,  1,  2,  1,  1,  0,  1,  1,  3,  2,  0,  0,  0,  1,  2,  1,  0,  1,  4,  1,  0,  0,  0,  1,  0,  2,  0,  0,  0,  2,  2,  0,  0,  1,  1,  0,  0,  0,  2,  1,  0,  1,  0,  1,  0,  0,  0,  1,  1,  1,  1,  1,
86,  1,  1,  1,  0,  0,  2,  1,  1,  0,  0,  1,  1,  0,  1,  0,  1,  1,  1,  0,  0,  3,  0,  0,  2,  0,  1,  0,  1,  1,  1,  0,  1,  0,  2,  1,  2,  2,  0,  1,  3,  0,  1,  2,  2,  1,  0,  2,  1,  3,  2,  0,  1,  0,  2,  1,  0,  2,  0,  1,  1,  1,  1,  0,  0,  0,  2,  0,  1,  0,  2,  1,  1,  0,  1,  0,  1,  0,  0,  0,  1,  1,  1,  0,  1,  1,   ,  1,  1,  0,  0,  1,  1,  1,  0,  0,  0,  1,  2,  1,  1,  0,  4,  2,  0,  0,  0,  1,  0,  2,  1,  1,  1,  1,  1,  1,  1,  0,  0,  0,  0,  2,  1,  1,  0,  1,  2,  1,  1,  2,  1,  1,  1,  1,  2,  1,  3,  0,  0,  0,  2,  1,  0,  2,  1,  2,  2,  0,  2,  0,  0,  0,  0,  1,  1,
87,  1,  0,  3,  0,  1,  2,  0,  0,  0,  1,  2,  1,  0,  0,  2,  1,  3,  1,  2,  1,  1,  1,  2,  2,  1,  3,  1,  1,  1,  1,  1,  0,  0,  2,  1,  0,  2,  0,  1,  0,  0,  1,  1,  0,  1,  0,  0,  1,  3,  0,  0,  0,  1,  2,  0,  2,  1,  0,  1,  0,  0,  0,  1,  1,  0,  0,  0,  1,  1,  1,  1,  1,  1,  0,  0,  1,  1,  1,  1,  1,  1,  1,  1,  0,  1,  1,   ,  1,  1,  1,  1,  0,  1,  1,  1,  2,  1,  0,  2,  0,  0,  1,  2,  1,  1,  0,  0,  1,  1,  2,  0,  3,  2,  1,  0,  0,  2,  1,  2,  1,  0,  1,  1,  0,  0,  1,  1,  1,  3,  0,  1,  1,  1,  0,  1,  2,  1,  2,  1,  0,  1,  1,  2,  0,  1,  1,  0,  1,  1,  1,  1,  1,  1,  1,
88,  0,  1,  3,  2,  1,  1,  1,  2,  0,  1,  1,  0,  1,  0,  1,  2,  1,  2,  1,  1,  2,  0,  1,  1,  2,  0,  0,  0,  0,  0,  0,  2,  1,  1,  2,  0,  1,  1,  2,  1,  1,  0,  0,  0,  0,  0,  2,  0,  0,  1,  0,  1,  1,  0,  2,  1,  0,  0,  1,  1,  1,  0,  0,  0,  1,  2,  0,  0,  2,  1,  1,  0,  0,  1,  0,  1,  0,  1,  1,  0,  0,  0,  1,  0,  1,  1,  1,   ,  1,  1,  1,  1,  0,  1,  2,  1,  1,  2,  2,  1,  0,  1,  0,  0,  1,  1,  1,  1,  0,  0,  2,  2,  0,  1,  2,  0,  1,  1,  2,  0,  1,  0,  1,  0,  1,  0,  1,  0,  0,  1,  1,  2,  4,  1,  1,  1,  2,  2,  1,  3,  2,  1,  2,  2,  1,  2,  1,  2,  2,  2,  2,  2,  1,  2,
89,  1,  1,  1,  3,  0,  0,  0,  0,  2,  2,  2,  0,  0,  1,  2,  2,  1,  2,  2,  0,  2,  2,  1,  0,  0,  2,  1,  2,  0,  2,  1,  0,  2,  2,  2,  0,  1,  3,  1,  0,  2,  1,  0,  0,  0,  2,  1,  1,  0,  0,  1,  1,  0,  0,  1,  1,  2,  1,  1,  0,  0,  1,  1,  1,  1,  0,  2,  1,  0,  0,  2,  0,  1,  1,  1,  0,  0,  1,  1,  1,  1,  1,  1,  0,  1,  0,  1,  1,   ,  0,  1,  0,  1,  0,  0,  2,  1,  1,  1,  0,  0,  0,  1,  1,  1,  4,  1,  1,  0,  1,  1,  0,  1,  0,  1,  0,  2,  0,  1,  0,  1,  2,  5,  1,  0,  1,  1,  1,  0,  0,  1,  0,  1,  1,  0,  1,  1,  2,  0,  0,  1,  0,  0,  1,  0,  2,  1,  1,  0,  1,  2,  0,  0,  0,
90,  1,  1,  1,  1,  2,  1,  1,  0,  0,  1,  1,  1,  1,  1,  2,  0,  1,  1,  2,  3,  0,  2,  1,  2,  1,  0,  1,  1,  1,  1,  2,  2,  1,  1,  0,  0,  0,  1,  1,  1,  1,  2,  2,  0,  1,  2,  1,  1,  1,  0,  2,  1,  2,  1,  1,  0,  1,  3,  0,  2,  1,  2,  0,  1,  1,  1,  2,  0,  1,  0,  0,  0,  0,  1,  1,  1,  1,  1,  1,  1,  1,  0,  1,  1,  1,  0,  1,  1,  0,   ,  1,  1,  0,  1,  0,  2,  3,  0,  1,  1,  2,  1,  0,  1,  1,  0,  1,  2,  1,  1,  2,  0,  0,  0,  2,  2,  0,  0,  1,  1,  2,  0,  0,  2,  2,  1,  1,  1,  0,  0,  1,  3,  0,  0,  1,  0,  2,  1,  0,  1,  2,  0,  0,  3,  0,  0,  1,  0,  1,  1,  1,  0,  2,  1,
91,  2,  2,  1,  1,  3,  1,  1,  1,  2,  3,  2,  1,  1,  3,  2,  1,  0,  0,  1,  0,  1,  2,  1,  0,  0,  1,  2,  2,  0,  1,  1,  1,  1,  1,  1,  0,  1,  1,  0,  1,  1,  1,  2,  2,  0,  1,  0,  1,  1,  1,  1,  0,  0,  1,  0,  0,  1,  1,  1,  0,  1,  0,  0,  0,  0,  0,  0,  0,  0,  0,  0,  1,  1,  1,  1,  1,  1,  1,  1,  1,  0,  1,  0,  0,  1,  1,  1,  1,  1,  1,   ,  1,  1,  1,  1,  1,  3,  2,  0,  2,  1,  0,  1,  0,  3,  0,  1,  0,  1,  1,  0,  1,  2,  1,  1,  2,  1,  0,  2,  3,  1,  0,  2,  0,  0,  0,  2,  0,  1,  2,  1,  1,  1,  0,  0,  1,  1,  2,  2,  3,  1,  2,  1,  2,  2,  2,  3,  1,  1,  2,  2,  2,  2,  2,
92,  0,  2,  0,  0,  0,  1,  1,  1,  1,  0,  0,  0,  1,  3,  1,  0,  2,  0,  0,  1,  1,  2,  2,  0,  2,  0,  0,  1,  0,  1,  2,  2,  1,  0,  0,  1,  1,  1,  1,  2,  2,  2,  0,  1,  2,  2,  1,  2,  0,  0,  2,  1,  1,  0,  3,  0,  1,  1,  4,  2,  1,  1,  1,  1,  1,  2,  1,  1,  1,  0,  2,  2,  1,  1,  1,  0,  1,  1,  1,  1,  1,  1,  1,  0,  1,  1,  0,  1,  0,  1,  1,   ,  1,  0,  1,  0,  1,  2,  2,  1,  1,  1,  0,  3,  1,  0,  0,  1,  0,  0,  1,  0,  1,  1,  2,  1,  0,  1,  3,  2,  3,  0,  0,  2,  1,  0,  0,  1,  1,  0,  1,  0,  1,  2,  2,  0,  1,  0,  1,  1,  0,  2,  1,  1,  0,  1,  1,  0,  0,  3,  1,  0,  0,  1,
93,  0,  0,  1,  1,  1,  1,  0,  1,  2,  1,  1,  1,  1,  2,  2,  1,  2,  0,  1,  0,  0,  0,  1,  1,  0,  2,  1,  1,  3,  0,  1,  0,  1,  2,  0,  0,  0,  2,  0,  1,  0,  0,  0,  1,  1,  1,  1,  2,  1,  0,  1,  0,  1,  2,  0,  0,  1,  0,  1,  1,  2,  1,  2,  2,  0,  1,  2,  2,  2,  0,  0,  0,  3,  1,  0,  1,  1,  1,  1,  0,  1,  1,  0,  1,  0,  1,  1,  0,  1,  0,  1,  1,   ,  1,  0,  0,  1,  0,  1,  1,  2,  1,  1,  1,  0,  2,  1,  1,  0,  2,  0,  2,  1,  1,  1,  2,  0,  2,  1,  1,  0,  0,  1,  0,  1,  1,  3,  1,  1,  1,  3,  0,  0,  2,  1,  1,  1,  0,  1,  0,  0,  2,  2,  0,  0,  1,  1,  0,  0,  1,  0,  1,  1,  0,
94,  1,  2,  1,  2,  2,  0,  3,  2,  0,  1,  1,  1,  1,  0,  0,  0,  0,  1,  0,  1,  0,  1,  1,  1,  0,  0,  3,  0,  2,  1,  1,  1,  0,  0,  0,  0,  1,  0,  0,  1,  1,  1,  0,  2,  1,  0,  0,  2,  1,  1,  0,  0,  2,  0,  0,  2,  0,  1,  0,  0,  2,  1,  1,  3,  1,  2,  1,  1,  0,  1,  0,  0,  3,  1,  1,  1,  1,  1,  1,  0,  1,  1,  1,  1,  1,  0,  1,  1,  0,  1,  1,  0,  1,   ,  2,  1,  0,  0,  1,  2,  3,  0,  1,  0,  1,  0,  0,  0,  0,  2,  1,  1,  1,  1,  2,  1,  0,  1,  1,  1,  1,  1,  0,  0,  2,  1,  2,  1,  1,  2,  0,  1,  1,  1,  2,  0,  0,  1,  1,  2,  3,  2,  1,  1,  2,  1,  1,  1,  3,  1,  2,  2,  2,  2,
95,  0,  2,  1,  2,  2,  1,  2,  2,  0,  1,  1,  1,  2,  0,  0,  1,  0,  0,  0,  2,  1,  1,  1,  0,  3,  0,  0,  0,  0,  1,  0,  1,  2,  0,  1,  1,  2,  1,  2,  0,  0,  1,  0,  1,  0,  0,  1,  1,  1,  0,  1,  2,  1,  1,  1,  0,  0,  1,  1,  0,  1,  1,  2,  1,  1,  1,  0,  0,  1,  2,  2,  0,  1,  3,  0,  0,  3,  1,  1,  0,  1,  1,  2,  1,  0,  0,  1,  2,  0,  0,  1,  1,  0,  2,   ,  1,  0,  1,  0,  1,  0,  0,  1,  1,  1,  1,  1,  1,  1,  1,  0,  1,  1,  1,  1,  0,  1,  2,  2,  0,  0,  0,  0,  1,  1,  1,  1,  0,  3,  2,  0,  0,  2,  0,  1,  0,  2,  2,  1,  2,  1,  1,  1,  1,  3,  2,  1,  2,  1,  2,  2,  2,  2,  1,
96,  2,  0,  1,  1,  0,  0,  1,  0,  1,  1,  1,  0,  1,  1,  1,  2,  0,  1,  1,  2,  2,  3,  1,  1,  0,  2,  1,  2,  1,  0,  3,  2,  0,  1,  3,  0,  1,  0,  2,  1,  2,  1,  0,  0,  1,  1,  2,  1,  0,  0,  1,  1,  1,  0,  1,  1,  0,  3,  2,  1,  1,  1,  0,  0,  2,  2,  2,  0,  2,  0,  2,  1,  0,  1,  0,  0,  0,  1,  3,  3,  0,  1,  1,  1,  2,  0,  2,  1,  2,  2,  1,  0,  0,  1,  1,   ,  0,  1,  1,  0,  1,  1,  1,  1,  1,  0,  1,  1,  0,  1,  1,  1,  1,  1,  0,  1,  3,  0,  1,  0,  1,  0,  2,  1,  1,  2,  0,  3,  0,  0,  0,  0,  1,  0,  1,  1,  2,  1,  0,  1,  1,  1,  0,  0,  0,  1,  1,  0,  0,  0,  2,  2,  0,  0,
97,  1,  2,  1,  1,  2,  2,  0,  0,  2,  2,  1,  1,  1,  3,  2,  2,  1,  1,  3,  1,  0,  0,  1,  1,  1,  0,  1,  2,  0,  3,  0,  0,  1,  0,  1,  0,  0,  2,  0,  1,  0,  2,  2,  1,  1,  2,  0,  1,  1,  1,  2,  0,  1,  1,  2,  1,  1,  1,  0,  1,  1,  1,  0,  1,  0,  0,  1,  0,  0,  0,  1,  0,  0,  0,  2,  2,  1,  0,  0,  1,  2,  0,  1,  0,  1,  1,  1,  1,  1,  3,  3,  1,  1,  0,  0,  0,   ,  1,  1,  1,  0,  0,  0,  1,  1,  1,  1,  1,  1,  1,  1,  0,  1,  1,  1,  2,  1,  0,  1,  2,  2,  1,  1,  1,  1,  0,  1,  0,  1,  1,  2,  2,  0,  0,  0,  0,  1,  1,  1,  2,  2,  1,  0,  2,  1,  0,  2,  0,  1,  1,  0,  1,  1,  2,
98,  1,  2,  0,  0,  0,  0,  0,  1,  1,  0,  1,  0,  0,  2,  0,  1,  1,  0,  1,  0,  3,  1,  0,  0,  0,  1,  0,  1,  0,  2,  0,  3,  0,  0,  3,  0,  2,  0,  1,  3,  1,  2,  1,  2,  0,  1,  3,  1,  0,  2,  0,  0,  1,  0,  3,  0,  2,  0,  2,  0,  1,  0,  1,  1,  0,  2,  0,  2,  1,  0,  1,  2,  1,  0,  0,  1,  0,  0,  2,  2,  1,  0,  2,  0,  1,  2,  0,  2,  1,  0,  2,  2,  0,  0,  1,  1,  1,   ,  1,  0,  1,  1,  1,  1,  1,  1,  0,  1,  1,  1,  0,  0,  1,  1,  1,  1,  2,  0,  0,  1,  2,  1,  2,  2,  1,  0,  0,  0,  1,  1,  0,  0,  1,  2,  1,  0,  2,  1,  0,  3,  0,  0,  1,  0,  1,  1,  1,  0,  0,  2,  0,  1,  0,  1,
99,  0,  0,  3,  0,  0,  2,  0,  2,  1,  0,  2,  1,  0,  2,  2,  0,  3,  2,  1,  1,  1,  1,  1,  1,  1,  0,  1,  0,  1,  0,  1,  1,  0,  0,  1,  0,  1,  1,  0,  2,  1,  0,  1,  1,  2,  0,  1,  1,  1,  1,  1,  1,  1,  1,  1,  2,  0,  1,  3,  1,  1,  0,  1,  1,  1,  1,  1,  2,  1,  0,  2,  0,  1,  0,  0,  1,  0,  3,  1,  1,  0,  1,  2,  0,  0,  1,  2,  2,  1,  1,  0,  2,  1,  1,  0,  1,  1,  1,   ,  0,  1,  1,  1,  1,  0,  0,  1,  1,  1,  0,  0,  1,  0,  1,  1,  1,  0,  1,  2,  2,  1,  1,  1,  0,  1,  2,  0,  1,  1,  0,  0,  1,  1,  3,  1,  0,  1,  1,  1,  1,  2,  1,  2,  0,  0,  1,  1,  1,  2,  2,  0,  0,  0,  2,
100,  1,  1,  1,  1,  2,  0,  2,  2,  0,  1,  2,  0,  0,  0,  1,  1,  1,  0,  1,  0,  1,  0,  0,  0,  1,  1,  2,  1,  1,  0,  1,  0,  1,  0,  0,  2,  1,  1,  0,  0,  1,  1,  2,  2,  1,  0,  0,  1,  2,  0,  2,  0,  1,  2,  1,  0,  0,  2,  0,  1,  2,  1,  1,  1,  1,  2,  0,  1,  0,  2,  0,  2,  1,  1,  2,  1,  0,  2,  0,  1,  1,  1,  0,  3,  0,  1,  0,  1,  0,  1,  2,  1,  1,  2,  1,  0,  1,  0,  0,   ,  1,  1,  0,  0,  1,  0,  1,  1,  1,  1,  0,  1,  1,  1,  1,  0,  0,  0,  2,  2,  0,  1,  0,  0,  2,  0,  3,  2,  0,  2,  1,  1,  1,  0,  3,  1,  0,  1,  3,  2,  1,  2,  1,  2,  2,  1,  3,  2,  2,  1,  2,  1,  2,  1,
101,  0,  0,  0,  1,  1,  0,  1,  2,  2,  0,  0,  1,  1,  1,  0,  0,  0,  0,  0,  1,  0,  3,  0,  0,  0,  0,  2,  1,  3,  0,  1,  3,  0,  1,  0,  0,  0,  0,  1,  1,  2,  0,  1,  3,  1,  1,  1,  1,  0,  1,  1,  1,  2,  1,  0,  1,  2,  1,  1,  0,  1,  1,  1,  3,  0,  2,  1,  1,  2,  0,  0,  1,  4,  0,  0,  0,  1,  1,  1,  0,  1,  2,  1,  1,  2,  0,  0,  0,  0,  2,  1,  1,  2,  3,  0,  1,  0,  1,  1,  1,   ,  0,  1,  0,  1,  1,  1,  0,  1,  1,  1,  1,  1,  0,  1,  2,  0,  1,  0,  2,  2,  0,  0,  0,  3,  1,  1,  2,  0,  0,  1,  1,  0,  1,  1,  0,  1,  0,  0,  0,  2,  0,  1,  1,  0,  0,  0,  0,  1,  1,  1,  0,  2,  1,
102,  1,  0,  1,  0,  0,  1,  2,  1,  0,  0,  1,  1,  0,  0,  1,  1,  1,  1,  0,  1,  2,  0,  1,  4,  0,  1,  0,  1,  2,  0,  2,  1,  0,  2,  0,  1,  2,  0,  0,  1,  1,  1,  1,  1,  0,  2,  2,  0,  2,  2,  0,  0,  0,  2,  1,  0,  2,  1,  1,  3,  1,  1,  0,  0,  1,  2,  2,  1,  0,  2,  1,  2,  0,  1,  1,  1,  0,  0,  0,  1,  1,  1,  0,  3,  0,  4,  1,  1,  0,  1,  0,  1,  1,  0,  0,  1,  0,  1,  1,  1,  0,   ,  1,  0,  0,  0,  1,  1,  0,  1,  1,  1,  0,  1,  1,  1,  0,  0,  0,  0,  1,  1,  0,  2,  1,  2,  1,  1,  1,  1,  1,  0,  1,  2,  2,  4,  1,  0,  1,  1,  1,  0,  2,  0,  2,  1,  0,  2,  1,  0,  0,  0,  0,  0,
103,  1,  0,  1,  0,  0,  1,  0,  1,  0,  1,  1,  0,  1,  0,  1,  0,  1,  1,  1,  0,  2,  1,  1,  1,  1,  3,  2,  1,  2,  0,  1,  0,  0,  2,  1,  2,  3,  0,  1,  2,  0,  0,  0,  2,  2,  0,  1,  0,  2,  2,  0,  2,  0,  2,  1,  1,  1,  0,  0,  0,  0,  1,  1,  1,  0,  0,  0,  3,  0,  1,  1,  1,  1,  1,  0,  1,  1,  0,  2,  1,  1,  3,  1,  1,  1,  2,  2,  0,  1,  0,  1,  0,  1,  1,  1,  1,  0,  1,  1,  0,  1,  1,   ,  0,  1,  1,  1,  1,  1,  1,  1,  1,  1,  0,  0,  0,  2,  1,  1,  1,  1,  0,  1,  1,  1,  4,  1,  0,  1,  2,  1,  1,  0,  2,  0,  2,  0,  1,  0,  0,  1,  0,  1,  1,  0,  2,  1,  1,  1,  0,  1,  0,  1,  1,
104,  1,  3,  0,  0,  1,  1,  1,  0,  1,  0,  1,  0,  2,  2,  1,  1,  2,  0,  1,  2,  1,  1,  2,  0,  1,  1,  1,  0,  1,  3,  1,  1,  2,  0,  1,  1,  0,  1,  2,  1,  0,  2,  0,  0,  3,  1,  1,  1,  0,  0,  1,  1,  1,  0,  1,  1,  1,  0,  3,  2,  1,  1,  1,  2,  0,  0,  1,  2,  2,  0,  2,  1,  0,  1,  1,  0,  2,  1,  2,  1,  1,  0,  2,  0,  1,  0,  1,  0,  1,  1,  0,  3,  1,  0,  1,  1,  1,  1,  1,  0,  0,  0,  0,   ,  0,  1,  0,  0,  0,  1,  1,  1,  1,  0,  1,  1,  2,  2,  2,  0,  1,  1,  1,  3,  1,  0,  1,  1,  1,  0,  1,  0,  1,  1,  0,  0,  0,  2,  0,  0,  0,  2,  1,  1,  0,  0,  0,  0,  0,  3,  0,  2,  0,  1,
105,  2,  1,  1,  1,  1,  0,  1,  1,  1,  4,  1,  2,  1,  1,  2,  0,  0,  1,  1,  1,  1,  2,  2,  1,  2,  1,  3,  1,  0,  0,  1,  1,  2,  2,  0,  0,  1,  2,  0,  0,  1,  0,  1,  1,  0,  1,  0,  0,  1,  1,  2,  1,  1,  1,  0,  2,  1,  2,  1,  1,  2,  0,  1,  0,  3,  0,  0,  0,  1,  1,  0,  1,  1,  1,  2,  1,  0,  0,  1,  0,  0,  1,  1,  0,  2,  0,  1,  1,  1,  1,  3,  1,  0,  1,  1,  1,  1,  1,  0,  1,  1,  0,  1,  0,   ,  0,  1,  1,  1,  0,  1,  1,  1,  1,  1,  0,  1,  1,  1,  2,  1,  1,  1,  0,  0,  0,  1,  0,  1,  1,  0,  3,  2,  0,  0,  2,  2,  2,  0,  2,  0,  1,  0,  1,  1,  2,  1,  0,  1,  1,  2,  1,  1,  1,
106,  0,  1,  0,  3,  0,  0,  0,  1,  2,  1,  1,  0,  1,  0,  1,  2,  1,  1,  2,  0,  1,  0,  0,  0,  1,  1,  0,  2,  1,  2,  0,  0,  2,  1,  1,  1,  1,  3,  1,  0,  1,  1,  0,  1,  0,  2,  2,  1,  0,  0,  1,  1,  0,  2,  1,  1,  2,  0,  0,  0,  0,  2,  1,  2,  0,  0,  2,  1,  1,  1,  2,  0,  2,  1,  1,  0,  1,  0,  0,  0,  2,  2,  1,  1,  1,  0,  0,  1,  4,  0,  0,  0,  2,  0,  1,  0,  1,  1,  0,  0,  1,  0,  1,  1,  0,   ,  1,  1,  0,  1,  1,  1,  1,  0,  1,  0,  1,  2,  0,  0,  1,  2,  3,  1,  0,  1,  1,  1,  0,  1,  2,  0,  1,  1,  0,  0,  1,  1,  0,  0,  1,  0,  1,  1,  0,  1,  0,  2,  0,  1,  1,  0,  1,  0,
107,  0,  0,  2,  0,  2,  1,  1,  0,  2,  1,  1,  2,  3,  2,  0,  2,  0,  1,  0,  0,  1,  2,  1,  0,  2,  0,  0,  0,  0,  0,  0,  1,  0,  2,  1,  1,  2,  0,  1,  0,  1,  0,  1,  2,  0,  0,  0,  0,  1,  1,  1,  4,  1,  2,  0,  1,  1,  1,  1,  2,  0,  1,  0,  0,  2,  0,  0,  0,  2,  3,  2,  1,  0,  0,  0,  1,  3,  2,  0,  1,  1,  1,  0,  2,  1,  1,  0,  1,  1,  1,  1,  0,  1,  0,  1,  1,  1,  0,  1,  1,  1,  1,  1,  0,  1,  1,   ,  0,  1,  1,  1,  1,  0,  1,  1,  2,  0,  2,  0,  1,  0,  0,  1,  0,  2,  2,  0,  2,  0,  3,  1,  2,  1,  0,  0,  2,  0,  0,  1,  0,  0,  1,  0,  1,  1,  0,  2,  2,  0,  0,  0,  1,  1,  1,
108,  1,  0,  1,  2,  0,  1,  0,  1,  0,  1,  0,  1,  0,  0,  2,  0,  2,  1,  3,  3,  0,  0,  0,  2,  3,  2,  0,  2,  1,  0,  2,  0,  2,  1,  1,  1,  1,  2,  0,  1,  1,  2,  0,  0,  0,  2,  1,  2,  0,  1,  2,  0,  0,  0,  2,  0,  0,  3,  0,  1,  0,  1,  3,  0,  3,  1,  2,  1,  0,  0,  0,  2,  1,  3,  1,  2,  0,  0,  1,  3,  1,  1,  1,  1,  0,  0,  1,  1,  1,  2,  0,  1,  1,  0,  1,  1,  1,  1,  1,  1,  0,  1,  1,  0,  1,  1,  0,   ,  1,  0,  0,  0,  1,  1,  1,  0,  1,  0,  2,  1,  0,  0,  1,  2,  0,  1,  1,  1,  1,  1,  0,  1,  1,  2,  2,  0,  4,  2,  1,  0,  1,  1,  0,  0,  1,  2,  2,  0,  1,  1,  2,  0,  0,  0,
109,  2,  1,  1,  1,  1,  2,  0,  2,  0,  1,  1,  3,  0,  1,  0,  0,  1,  1,  0,  1,  1,  1,  0,  0,  1,  1,  0,  1,  0,  1,  0,  1,  1,  1,  1,  2,  0,  1,  2,  2,  0,  1,  4,  1,  2,  0,  1,  1,  2,  1,  1,  2,  2,  1,  0,  1,  1,  1,  0,  0,  0,  1,  2,  0,  1,  0,  0,  1,  1,  1,  0,  0,  0,  2,  0,  1,  1,  3,  0,  1,  0,  0,  2,  1,  1,  2,  1,  0,  0,  1,  1,  0,  0,  0,  1,  0,  1,  1,  1,  1,  1,  0,  1,  0,  1,  0,  1,  1,   ,  1,  1,  1,  1,  1,  1,  2,  0,  0,  0,  1,  1,  2,  1,  0,  1,  1,  0,  0,  3,  0,  1,  2,  1,  0,  1,  0,  1,  1,  2,  1,  0,  0,  1,  2,  2,  2,  0,  1,  1,  0,  1,  0,  2,  2,
110,  1,  1,  1,  1,  2,  1,  1,  1,  1,  1,  2,  1,  2,  1,  0,  1,  2,  0,  0,  1,  1,  1,  1,  1,  0,  2,  0,  0,  1,  2,  1,  1,  0,  1,  0,  1,  1,  0,  0,  1,  1,  2,  1,  0,  1,  0,  1,  2,  2,  0,  0,  0,  0,  1,  0,  0,  2,  1,  0,  0,  0,  2,  0,  2,  0,  1,  1,  3,  0,  2,  0,  0,  1,  0,  0,  2,  2,  1,  1,  0,  1,  0,  1,  1,  1,  1,  2,  0,  1,  1,  1,  0,  2,  2,  1,  1,  1,  1,  0,  1,  1,  1,  1,  1,  0,  1,  1,  0,  1,   ,  1,  1,  1,  1,  0,  2,  0,  1,  0,  1,  1,  2,  1,  1,  0,  1,  1,  1,  2,  1,  3,  0,  0,  0,  2,  1,  0,  1,  2,  0,  1,  1,  1,  0,  1,  0,  1,  0,  1,  1,  1,  1,  1,  0,
111,  0,  1,  1,  2,  0,  1,  2,  0,  0,  1,  0,  0,  2,  1,  1,  1,  0,  3,  0,  1,  1,  1,  3,  1,  1,  0,  0,  0,  0,  1,  2,  1,  1,  1,  1,  1,  0,  1,  2,  2,  3,  1,  0,  0,  2,  2,  1,  1,  1,  2,  1,  2,  1,  0,  1,  1,  0,  1,  0,  3,  0,  2,  0,  1,  1,  1,  2,  0,  1,  1,  0,  1,  0,  1,  1,  0,  0,  0,  1,  0,  1,  0,  1,  1,  3,  1,  0,  2,  1,  2,  0,  1,  0,  1,  0,  1,  1,  0,  0,  0,  1,  1,  1,  1,  1,  1,  1,  0,  1,  1,   ,  1,  0,  0,  1,  2,  0,  1,  0,  0,  3,  0,  1,  2,  1,  1,  0,  1,  0,  0,  2,  2,  2,  0,  0,  2,  0,  0,  1,  0,  1,  0,  0,  3,  1,  1,  0,  1,  1,  0,  2,  0,  1,  2,
112,  0,  1,  4,  1,  1,  1,  1,  2,  1,  0,  3,  1,  1,  0,  0,  1,  2,  0,  1,  0,  0,  0,  1,  1,  1,  2,  0,  1,  2,  0,  0,  0,  0,  2,  1,  0,  0,  0,  1,  0,  0,  0,  1,  0,  1,  0,  1,  0,  2,  1,  1,  1,  1,  3,  0,  3,  1,  0,  1,  1,  0,  0,  1,  1,  1,  0,  0,  1,  3,  1,  1,  1,  1,  1,  0,  0,  0,  2,  0,  1,  1,  1,  1,  0,  2,  1,  3,  2,  0,  0,  1,  0,  2,  1,  1,  1,  0,  0,  1,  1,  1,  1,  1,  1,  1,  1,  1,  0,  1,  1,  1,   ,  1,  1,  1,  0,  1,  2,  1,  1,  0,  1,  0,  0,  0,  1,  2,  2,  2,  1,  2,  1,  3,  0,  0,  2,  0,  1,  2,  1,  1,  2,  4,  1,  1,  1,  1,  2,  1,  1,  1,  2,  2,  3,
113,  3,  1,  0,  0,  2,  0,  0,  1,  2,  1,  0,  0,  1,  1,  1,  0,  1,  0,  0,  1,  1,  1,  2,  0,  1,  1,  2,  4,  2,  3,  2,  1,  1,  1,  1,  2,  2,  0,  0,  1,  1,  3,  1,  1,  0,  0,  1,  3,  1,  1,  2,  0,  0,  1,  1,  0,  0,  1,  0,  0,  0,  0,  0,  2,  1,  1,  0,  0,  1,  1,  0,  1,  2,  0,  2,  0,  2,  0,  2,  2,  2,  3,  0,  0,  0,  1,  2,  0,  1,  0,  2,  1,  1,  1,  1,  1,  1,  1,  0,  1,  1,  0,  1,  1,  1,  1,  0,  1,  1,  1,  0,  1,   ,  1,  0,  1,  2,  3,  2,  1,  0,  0,  2,  0,  0,  0,  1,  2,  2,  0,  1,  0,  0,  0,  2,  1,  0,  2,  1,  1,  0,  1,  2,  0,  2,  1,  1,  0,  0,  0,  2,  1,  2,  1,
114,  1,  1,  1,  0,  1,  3,  1,  0,  1,  2,  1,  4,  1,  1,  0,  2,  2,  1,  0,  0,  1,  0,  0,  2,  1,  0,  1,  1,  0,  0,  1,  1,  0,  1,  1,  2,  0,  0,  1,  0,  1,  1,  2,  0,  0,  0,  1,  1,  1,  1,  1,  0,  3,  1,  2,  2,  1,  1,  0,  0,  3,  1,  1,  0,  2,  3,  0,  0,  1,  1,  0,  1,  0,  0,  2,  3,  1,  1,  1,  1,  0,  2,  2,  0,  0,  1,  1,  1,  0,  0,  1,  1,  1,  1,  1,  1,  1,  1,  1,  1,  0,  1,  0,  0,  1,  0,  1,  1,  1,  1,  0,  1,  1,   ,  1,  1,  1,  0,  1,  3,  0,  3,  0,  0,  1,  0,  0,  1,  1,  2,  1,  1,  0,  1,  1,  1,  1,  0,  3,  2,  1,  3,  1,  0,  0,  0,  2,  2,  1,  0,  1,  3,  0,  1,
115,  1,  3,  1,  2,  2,  0,  2,  2,  0,  1,  1,  2,  0,  1,  1,  0,  0,  1,  1,  0,  1,  1,  1,  1,  0,  1,  1,  0,  0,  1,  0,  2,  1,  2,  0,  0,  1,  1,  1,  1,  0,  1,  1,  0,  1,  2,  1,  1,  0,  0,  1,  1,  3,  0,  2,  1,  1,  0,  1,  1,  1,  2,  1,  1,  1,  1,  1,  0,  1,  0,  1,  0,  1,  2,  1,  1,  1,  2,  0,  0,  1,  0,  1,  0,  0,  1,  0,  2,  1,  2,  1,  2,  1,  2,  1,  0,  1,  1,  1,  1,  1,  1,  0,  1,  1,  1,  1,  1,  1,  0,  1,  1,  0,  1,   ,  1,  0,  0,  1,  0,  2,  1,  1,  1,  2,  0,  2,  0,  0,  2,  1,  2,  2,  2,  1,  0,  1,  1,  1,  3,  1,  2,  2,  3,  1,  3,  1,  1,  2,  1,  1,  2,  2,  2,
116,  1,  1,  0,  1,  2,  1,  2,  0,  1,  1,  0,  2,  2,  3,  2,  1,  1,  1,  0,  1,  0,  2,  2,  1,  0,  0,  0,  1,  0,  1,  3,  2,  0,  1,  1,  0,  0,  1,  1,  3,  2,  1,  2,  1,  1,  1,  0,  3,  0,  2,  0,  1,  1,  0,  0,  0,  1,  1,  1,  2,  1,  1,  0,  0,  0,  1,  3,  1,  2,  0,  0,  1,  0,  0,  1,  1,  2,  2,  2,  1,  0,  0,  0,  1,  1,  1,  0,  0,  0,  2,  2,  1,  2,  1,  0,  1,  2,  1,  1,  0,  2,  1,  0,  1,  0,  0,  2,  0,  2,  2,  2,  0,  1,  1,  1,   ,  0,  1,  1,  1,  1,  0,  1,  1,  1,  0,  0,  1,  1,  1,  1,  1,  0,  1,  0,  1,  0,  0,  2,  1,  1,  2,  0,  1,  2,  0,  1,  0,  1,  1,  1,  1,  1,  1,
117,  2,  0,  0,  1,  1,  0,  0,  0,  2,  1,  0,  0,  1,  0,  1,  3,  0,  0,  3,  1,  2,  1,  1,  0,  0,  3,  2,  2,  1,  2,  1,  2,  1,  1,  3,  1,  2,  1,  2,  1,  0,  0,  0,  0,  1,  1,  1,  0,  0,  1,  0,  0,  1,  0,  3,  2,  1,  0,  1,  0,  1,  0,  1,  0,  0,  1,  1,  1,  2,  0,  2,  2,  0,  0,  2,  1,  1,  0,  4,  2,  2,  1,  1,  0,  2,  0,  2,  1,  2,  0,  1,  0,  0,  0,  1,  3,  1,  2,  0,  0,  0,  0,  2,  2,  1,  1,  0,  1,  0,  0,  0,  1,  2,  1,  0,  0,   ,  1,  1,  0,  1,  1,  1,  1,  1,  0,  1,  1,  0,  1,  0,  0,  1,  1,  0,  1,  1,  2,  0,  1,  1,  1,  1,  0,  0,  1,  1,  0,  0,  0,  1,  3,  0,  0,
118,  1,  0,  1,  0,  2,  0,  0,  1,  2,  0,  0,  0,  3,  1,  1,  0,  1,  0,  0,  1,  0,  0,  3,  0,  2,  0,  1,  1,  2,  2,  1,  1,  1,  1,  0,  2,  2,  1,  0,  1,  0,  1,  0,  1,  1,  0,  1,  2,  1,  1,  1,  2,  0,  2,  0,  1,  0,  0,  1,  2,  1,  1,  0,  2,  1,  0,  1,  1,  3,  3,  1,  0,  2,  0,  1,  0,  3,  1,  2,  0,  2,  2,  0,  1,  1,  0,  1,  1,  0,  0,  0,  1,  2,  1,  2,  0,  0,  0,  1,  0,  1,  0,  1,  2,  1,  2,  2,  0,  0,  1,  1,  2,  3,  0,  0,  1,  1,   ,  1,  0,  0,  0,  0,  0,  0,  1,  1,  1,  1,  1,  1,  1,  1,  1,  1,  1,  0,  1,  0,  0,  0,  1,  2,  0,  1,  0,  0,  1,  0,  1,  0,  1,  2,  1,
119,  1,  2,  2,  1,  1,  2,  2,  1,  0,  1,  1,  0,  1,  1,  3,  0,  3,  1,  1,  2,  1,  2,  2,  1,  3,  1,  1,  2,  0,  0,  3,  0,  1,  1,  0,  1,  1,  1,  1,  1,  1,  1,  0,  0,  1,  0,  0,  2,  0,  0,  1,  1,  0,  0,  1,  0,  0,  1,  2,  1,  1,  0,  1,  0,  1,  1,  1,  1,  1,  0,  1,  1,  0,  2,  1,  1,  1,  2,  2,  1,  0,  2,  0,  0,  0,  0,  2,  2,  1,  1,  2,  3,  1,  1,  2,  1,  1,  0,  2,  2,  0,  0,  1,  2,  1,  0,  0,  2,  0,  0,  0,  1,  2,  1,  1,  1,  1,  1,   ,  1,  0,  0,  1,  1,  0,  0,  1,  1,  1,  1,  0,  1,  1,  1,  1,  1,  1,  3,  2,  1,  2,  3,  1,  1,  1,  2,  2,  1,  2,  4,  3,  1,  1,  1,
120,  0,  0,  1,  0,  2,  2,  0,  1,  2,  2,  2,  2,  1,  2,  1,  1,  2,  0,  1,  0,  0,  1,  0,  0,  1,  0,  2,  1,  1,  0,  1,  1,  1,  0,  0,  1,  0,  1,  0,  0,  2,  1,  2,  2,  1,  1,  0,  1,  2,  1,  2,  0,  1,  2,  1,  2,  1,  2,  1,  0,  1,  0,  1,  1,  1,  1,  0,  1,  0,  0,  0,  2,  2,  0,  2,  1,  1,  1,  0,  1,  0,  2,  2,  0,  1,  0,  1,  0,  0,  1,  3,  2,  1,  1,  0,  0,  2,  1,  2,  2,  2,  0,  1,  0,  2,  0,  1,  1,  1,  1,  0,  1,  1,  3,  0,  1,  0,  0,  1,   ,  1,  1,  0,  0,  1,  1,  1,  1,  1,  1,  1,  1,  0,  1,  1,  0,  1,  0,  3,  1,  1,  2,  1,  1,  0,  0,  3,  1,  1,  1,  1,  1,  1,  2,
121,  0,  1,  0,  2,  0,  1,  1,  1,  2,  0,  0,  0,  1,  2,  0,  1,  0,  1,  1,  1,  2,  2,  1,  0,  0,  0,  0,  1,  0,  2,  1,  3,  0,  0,  0,  1,  1,  1,  1,  3,  2,  1,  0,  1,  2,  3,  2,  1,  1,  0,  1,  1,  1,  0,  3,  1,  2,  1,  2,  1,  0,  2,  0,  1,  0,  2,  2,  0,  0,  0,  2,  1,  1,  1,  1,  0,  0,  0,  1,  0,  2,  0,  1,  0,  4,  2,  0,  1,  1,  2,  1,  3,  0,  1,  0,  1,  2,  2,  1,  0,  2,  1,  1,  1,  1,  1,  0,  0,  1,  1,  3,  0,  0,  0,  2,  1,  1,  0,  0,  1,   ,  1,  0,  1,  1,  1,  0,  1,  0,  0,  1,  1,  1,  1,  1,  0,  1,  0,  0,  1,  2,  0,  1,  2,  0,  2,  0,  0,  0,  1,  1,  0,  1,  1,
122,  2,  2,  1,  1,  0,  2,  1,  1,  1,  1,  2,  3,  0,  0,  0,  1,  2,  1,  1,  0,  1,  0,  0,  2,  0,  1,  1,  1,  0,  2,  0,  0,  0,  1,  0,  2,  0,  1,  0,  0,  0,  1,  3,  0,  1,  1,  1,  0,  1,  1,  0,  0,  2,  1,  1,  3,  3,  0,  0,  0,  2,  2,  1,  1,  1,  1,  1,  2,  0,  2,  1,  0,  0,  0,  2,  3,  0,  2,  0,  0,  1,  1,  2,  1,  1,  1,  1,  0,  2,  0,  0,  0,  0,  1,  0,  0,  1,  1,  1,  1,  0,  1,  0,  1,  1,  2,  0,  0,  2,  2,  0,  1,  0,  3,  1,  0,  1,  0,  0,  1,  1,   ,  1,  1,  0,  0,  0,  0,  1,  1,  1,  1,  0,  1,  1,  1,  0,  1,  2,  1,  2,  1,  1,  0,  0,  0,  0,  2,  2,  1,  0,  1,  0,  1,
123,  2,  2,  1,  2,  0,  0,  0,  0,  1,  2,  2,  0,  0,  2,  2,  1,  1,  2,  1,  0,  2,  2,  1,  0,  0,  2,  1,  2,  0,  2,  1,  0,  2,  2,  3,  0,  1,  2,  1,  1,  2,  2,  1,  1,  0,  1,  1,  2,  0,  1,  1,  1,  0,  0,  0,  0,  1,  1,  1,  0,  0,  1,  1,  1,  1,  0,  1,  1,  0,  0,  1,  0,  1,  1,  0,  0,  0,  1,  1,  2,  0,  1,  1,  0,  0,  1,  1,  1,  5,  0,  2,  0,  1,  0,  0,  2,  1,  2,  1,  0,  0,  0,  1,  1,  1,  3,  1,  1,  1,  1,  1,  0,  2,  0,  1,  1,  1,  0,  1,  0,  0,  1,   ,  1,  0,  1,  1,  1,  1,  0,  1,  0,  1,  1,  0,  1,  1,  2,  0,  1,  0,  0,  0,  1,  1,  2,  1,  1,  0,  1,  2,  0,  0,  1,
124,  1,  3,  0,  0,  0,  1,  2,  0,  0,  0,  1,  0,  1,  1,  1,  0,  1,  1,  1,  2,  1,  1,  2,  2,  1,  1,  0,  1,  1,  2,  2,  0,  1,  0,  1,  0,  1,  0,  1,  1,  1,  3,  0,  0,  1,  3,  2,  0,  0,  2,  1,  1,  1,  0,  2,  0,  1,  1,  1,  3,  0,  1,  2,  2,  1,  0,  2,  2,  0,  0,  1,  2,  0,  2,  1,  1,  1,  0,  1,  2,  2,  0,  2,  2,  0,  0,  0,  0,  1,  2,  0,  2,  0,  0,  1,  1,  1,  2,  0,  0,  0,  2,  1,  3,  0,  1,  0,  2,  0,  1,  2,  0,  0,  0,  1,  1,  1,  0,  1,  0,  1,  1,  1,   ,  1,  1,  0,  0,  1,  1,  1,  0,  0,  1,  1,  1,  1,  1,  1,  0,  0,  0,  0,  1,  1,  0,  1,  0,  1,  2,  0,  0,  0,  1,
125,  0,  1,  0,  0,  1,  0,  1,  1,  0,  0,  0,  1,  0,  1,  0,  2,  0,  0,  0,  0,  2,  1,  1,  0,  0,  0,  2,  0,  2,  1,  0,  2,  0,  1,  1,  0,  1,  0,  2,  0,  0,  1,  1,  3,  2,  1,  1,  0,  1,  1,  1,  1,  4,  1,  2,  1,  1,  0,  0,  2,  2,  1,  1,  3,  0,  2,  0,  1,  2,  1,  0,  1,  2,  0,  0,  0,  1,  1,  1,  0,  2,  1,  3,  2,  0,  1,  0,  1,  0,  2,  0,  1,  1,  2,  1,  1,  1,  1,  1,  2,  3,  1,  1,  1,  0,  0,  2,  0,  1,  0,  1,  0,  0,  1,  2,  1,  1,  0,  0,  1,  1,  0,  0,  1,   ,  1,  1,  1,  0,  1,  1,  1,  0,  1,  1,  1,  1,  0,  0,  1,  1,  0,  0,  2,  1,  0,  0,  1,  1,  0,  0,  1,  1,  2,
126,  1,  0,  2,  0,  0,  1,  0,  1,  1,  0,  2,  0,  1,  1,  0,  0,  1,  2,  0,  1,  1,  1,  0,  2,  1,  1,  1,  1,  3,  0,  1,  0,  0,  1,  1,  2,  1,  0,  1,  1,  1,  1,  0,  2,  2,  1,  2,  0,  2,  1,  1,  3,  0,  2,  0,  1,  1,  2,  1,  1,  0,  1,  0,  1,  2,  0,  1,  2,  0,  1,  2,  0,  1,  2,  0,  0,  1,  1,  0,  2,  0,  2,  1,  2,  1,  2,  1,  0,  1,  1,  0,  0,  1,  1,  1,  2,  0,  0,  2,  0,  1,  2,  4,  0,  0,  1,  2,  1,  1,  1,  1,  1,  0,  0,  0,  0,  0,  1,  0,  1,  1,  0,  1,  1,  1,   ,  1,  1,  1,  1,  1,  1,  0,  1,  1,  1,  1,  0,  0,  0,  1,  0,  1,  1,  0,  1,  1,  1,  1,  0,  0,  0,  1,  1,
127,  1,  1,  2,  2,  3,  0,  1,  1,  1,  1,  3,  0,  1,  0,  2,  0,  1,  0,  2,  1,  0,  0,  0,  1,  0,  2,  3,  0,  3,  1,  0,  1,  3,  2,  0,  1,  0,  2,  0,  0,  0,  0,  1,  1,  0,  1,  0,  1,  2,  0,  1,  0,  1,  2,  0,  0,  1,  1,  0,  0,  2,  1,  2,  1,  0,  1,  1,  1,  0,  0,  0,  0,  2,  2,  2,  0,  1,  1,  1,  0,  0,  0,  0,  1,  0,  1,  1,  1,  1,  1,  2,  0,  3,  2,  1,  0,  1,  0,  0,  3,  1,  1,  1,  1,  1,  1,  0,  1,  0,  1,  0,  2,  1,  0,  2,  0,  1,  1,  1,  1,  0,  0,  1,  0,  1,  1,   ,  0,  1,  1,  1,  1,  1,  1,  1,  1,  1,  2,  1,  2,  1,  1,  3,  2,  1,  2,  2,  1,  1,  1,  1,  2,  2,  1,
128,  0,  0,  1,  1,  0,  0,  2,  1,  2,  0,  1,  0,  1,  1,  0,  2,  1,  1,  1,  1,  1,  2,  0,  0,  1,  1,  0,  2,  1,  0,  2,  1,  0,  0,  2,  1,  1,  0,  1,  1,  3,  1,  0,  1,  1,  0,  1,  2,  1,  0,  3,  1,  0,  2,  1,  1,  0,  3,  2,  1,  0,  1,  0,  1,  2,  2,  1,  0,  2,  1,  2,  3,  1,  0,  1,  0,  0,  1,  1,  3,  2,  2,  0,  1,  2,  1,  1,  0,  1,  1,  0,  1,  1,  1,  0,  3,  0,  0,  1,  2,  2,  1,  0,  1,  0,  1,  2,  1,  0,  1,  1,  2,  2,  1,  0,  1,  1,  1,  1,  1,  1,  0,  1,  0,  1,  1,  0,   ,  0,  1,  1,  0,  1,  0,  1,  1,  0,  0,  1,  0,  1,  2,  1,  0,  1,  0,  2,  1,  0,  0,  2,  1,  1,  0,
129,  1,  2,  2,  1,  1,  2,  1,  1,  0,  1,  2,  2,  1,  1,  0,  0,  2,  0,  0,  2,  0,  1,  1,  1,  2,  1,  0,  1,  1,  2,  0,  0,  2,  1,  1,  0,  1,  1,  1,  1,  0,  2,  2,  1,  0,  0,  0,  2,  3,  1,  1,  1,  1,  2,  0,  1,  1,  1,  1,  0,  0,  0,  3,  1,  1,  0,  0,  1,  0,  1,  1,  0,  1,  2,  0,  0,  2,  1,  0,  1,  1,  0,  2,  0,  0,  2,  3,  0,  0,  0,  1,  1,  1,  1,  3,  0,  1,  1,  1,  0,  0,  1,  1,  1,  1,  0,  0,  1,  3,  2,  0,  2,  2,  1,  0,  1,  0,  1,  1,  1,  0,  1,  1,  1,  0,  1,  1,  0,   ,  0,  1,  0,  1,  0,  1,  1,  1,  1,  1,  1,  0,  0,  2,  0,  3,  1,  0,  1,  0,  1,  1,  0,  1,  2,
130,  1,  2,  1,  1,  2,  1,  3,  1,  1,  2,  1,  2,  2,  1,  0,  2,  0,  1,  1,  0,  1,  0,  0,  1,  1,  1,  1,  0,  0,  0,  0,  0,  0,  0,  1,  1,  3,  0,  0,  1,  0,  0,  0,  2,  0,  0,  0,  0,  1,  1,  0,  1,  1,  2,  1,  1,  0,  0,  0,  1,  1,  1,  1,  0,  1,  0,  0,  1,  0,  2,  1,  2,  0,  1,  1,  3,  2,  1,  1,  1,  2,  1,  0,  2,  0,  1,  0,  1,  0,  0,  2,  0,  1,  2,  2,  0,  1,  1,  0,  2,  0,  1,  2,  0,  1,  1,  3,  1,  0,  1,  0,  1,  0,  2,  2,  1,  1,  1,  1,  1,  0,  1,  0,  1,  1,  1,  1,  1,  0,   ,  1,  1,  1,  1,  0,  1,  0,  1,  2,  2,  1,  3,  1,  1,  2,  1,  3,  3,  2,  1,  1,  3,  1,  1,
131,  1,  1,  1,  1,  1,  1,  0,  2,  2,  2,  1,  1,  1,  2,  0,  2,  1,  1,  0,  0,  0,  0,  1,  1,  0,  2,  0,  1,  2,  1,  0,  0,  1,  1,  1,  1,  0,  1,  1,  0,  1,  1,  1,  0,  2,  1,  1,  0,  1,  0,  2,  0,  1,  2,  1,  0,  1,  0,  0,  1,  0,  2,  0,  2,  0,  0,  0,  2,  1,  1,  0,  0,  1,  0,  0,  2,  1,  1,  0,  0,  2,  1,  1,  1,  0,  1,  1,  1,  1,  1,  1,  1,  3,  0,  0,  0,  2,  0,  0,  1,  1,  1,  1,  1,  0,  2,  1,  0,  1,  3,  2,  2,  1,  1,  1,  1,  0,  1,  0,  1,  1,  1,  1,  1,  1,  1,  1,  1,  1,  1,   ,  0,  1,  0,  1,  1,  0,  0,  2,  0,  0,  1,  2,  2,  0,  0,  1,  1,  1,  0,  1,  1,  1,  1,
132,  1,  1,  2,  0,  2,  2,  1,  0,  0,  2,  1,  2,  1,  0,  2,  0,  1,  3,  2,  1,  1,  1,  1,  2,  2,  0,  2,  0,  0,  0,  0,  1,  1,  2,  0,  1,  0,  1,  2,  1,  0,  0,  2,  0,  1,  0,  1,  0,  2,  1,  1,  3,  2,  1,  0,  2,  1,  1,  0,  1,  2,  0,  0,  0,  2,  0,  0,  0,  2,  1,  0,  0,  0,  1,  2,  2,  1,  1,  0,  0,  0,  0,  0,  0,  2,  1,  1,  2,  0,  3,  1,  0,  0,  1,  0,  0,  2,  0,  1,  1,  1,  0,  1,  0,  3,  0,  2,  1,  2,  0,  2,  1,  0,  1,  2,  1,  0,  1,  1,  1,  1,  1,  0,  0,  1,  1,  1,  0,  0,  1,  0,   ,  1,  0,  0,  1,  1,  1,  0,  2,  1,  1,  0,  3,  0,  1,  1,  0,  2,  1,  0,  1,  3,  1,
133,  0,  1,  2,  3,  1,  0,  1,  3,  0,  2,  1,  1,  1,  0,  0,  2,  0,  1,  1,  1,  1,  0,  1,  0,  2,  1,  0,  0,  0,  0,  0,  1,  2,  1,  2,  0,  1,  2,  2,  1,  1,  0,  0,  0,  1,  0,  1,  0,  0,  1,  1,  1,  0,  0,  1,  2,  0,  1,  2,  1,  0,  0,  1,  0,  2,  1,  0,  0,  2,  1,  2,  1,  0,  2,  0,  0,  0,  1,  0,  1,  0,  0,  1,  0,  2,  1,  1,  4,  1,  0,  1,  1,  0,  1,  2,  1,  0,  1,  1,  1,  0,  1,  0,  1,  2,  1,  1,  1,  1,  0,  2,  3,  0,  0,  2,  0,  1,  1,  1,  0,  1,  0,  1,  0,  0,  0,  1,  1,  1,  1,  1,  1,   ,  1,  1,  1,  1,  2,  1,  2,  1,  2,  2,  2,  2,  3,  1,  2,  1,  1,  3,  2,  1,  2,
134,  0,  0,  0,  1,  0,  1,  0,  2,  0,  0,  0,  1,  0,  1,  2,  0,  1,  0,  2,  0,  1,  0,  1,  1,  0,  2,  1,  0,  1,  0,  1,  1,  1,  2,  1,  1,  2,  2,  0,  3,  0,  0,  1,  1,  2,  1,  1,  2,  0,  3,  0,  0,  0,  0,  2,  1,  1,  0,  2,  1,  2,  2,  2,  1,  0,  2,  2,  3,  1,  1,  1,  1,  2,  1,  0,  2,  0,  1,  2,  1,  1,  2,  1,  0,  0,  2,  0,  1,  1,  0,  0,  2,  2,  1,  0,  0,  0,  2,  3,  0,  1,  2,  2,  1,  0,  1,  0,  2,  0,  0,  0,  0,  0,  1,  2,  1,  1,  1,  1,  1,  1,  1,  1,  1,  1,  1,  1,  0,  0,  1,  0,  0,  1,   ,  1,  1,  1,  0,  0,  1,  2,  1,  1,  0,  0,  2,  1,  1,  1,  1,  0,  0,  0,  1,
135,  2,  0,  0,  0,  1,  0,  0,  2,  0,  0,  0,  0,  0,  0,  0,  0,  1,  0,  0,  1,  1,  0,  1,  1,  1,  1,  1,  2,  2,  1,  2,  1,  0,  0,  0,  2,  2,  0,  0,  1,  1,  3,  1,  1,  1,  1,  2,  2,  1,  0,  1,  0,  1,  0,  2,  0,  0,  2,  1,  1,  1,  1,  1,  2,  2,  3,  1,  1,  0,  2,  1,  1,  2,  1,  1,  1,  1,  1,  0,  2,  1,  1,  0,  3,  0,  1,  1,  1,  0,  1,  0,  2,  1,  2,  1,  1,  0,  1,  1,  3,  1,  2,  0,  0,  0,  0,  0,  2,  1,  2,  0,  0,  2,  1,  1,  0,  0,  1,  1,  1,  1,  1,  0,  1,  1,  1,  1,  1,  1,  0,  1,  0,  1,  1,   ,  0,  1,  0,  2,  1,  0,  1,  1,  0,  1,  1,  1,  0,  1,  0,  1,  0,  1,  0,
136,  1,  0,  2,  0,  0,  1,  2,  0,  0,  1,  1,  1,  1,  0,  2,  1,  1,  1,  0,  0,  2,  1,  3,  3,  1,  2,  1,  1,  1,  0,  2,  0,  0,  4,  0,  1,  2,  0,  0,  0,  1,  0,  1,  1,  0,  1,  0,  0,  2,  3,  0,  1,  0,  2,  0,  1,  2,  0,  0,  3,  1,  1,  0,  0,  1,  1,  1,  1,  1,  3,  0,  2,  0,  0,  1,  1,  0,  0,  1,  0,  1,  2,  0,  2,  1,  3,  2,  1,  1,  0,  1,  0,  1,  0,  0,  1,  0,  0,  0,  1,  0,  4,  2,  0,  2,  0,  2,  0,  0,  1,  2,  2,  1,  1,  0,  1,  1,  1,  1,  0,  0,  1,  1,  1,  1,  1,  1,  1,  1,  1,  1,  1,  1,  1,  0,   ,  0,  1,  1,  0,  1,  0,  1,  0,  2,  1,  0,  2,  1,  0,  1,  0,  0,  1,
137,  1,  0,  1,  2,  0,  1,  0,  1,  1,  1,  0,  1,  0,  1,  2,  1,  1,  1,  2,  3,  1,  1,  0,  2,  2,  1,  0,  1,  1,  0,  1,  2,  2,  1,  1,  0,  0,  2,  1,  0,  1,  1,  0,  1,  0,  3,  2,  1,  0,  0,  1,  0,  1,  0,  1,  0,  1,  2,  1,  1,  1,  1,  2,  0,  2,  1,  2,  0,  1,  0,  0,  1,  2,  3,  0,  1,  0,  0,  1,  1,  0,  0,  2,  1,  1,  0,  1,  2,  1,  2,  1,  1,  1,  0,  2,  2,  1,  2,  1,  0,  1,  1,  0,  0,  2,  1,  0,  4,  1,  0,  0,  0,  0,  1,  1,  0,  1,  0,  1,  1,  1,  0,  1,  1,  1,  1,  1,  0,  1,  0,  0,  1,  1,  1,  1,  0,   ,  2,  0,  1,  1,  0,  0,  0,  1,  2,  0,  0,  1,  2,  1,  1,  0,  0,
138,  2,  2,  2,  2,  2,  1,  1,  2,  1,  2,  2,  1,  1,  0,  2,  0,  2,  1,  1,  3,  2,  1,  1,  1,  2,  1,  2,  1,  1,  2,  1,  1,  2,  1,  0,  1,  1,  1,  0,  0,  0,  1,  0,  0,  0,  0,  1,  0,  0,  0,  1,  0,  0,  0,  0,  0,  1,  1,  0,  0,  0,  0,  1,  1,  1,  0,  0,  1,  0,  0,  0,  0,  0,  2,  1,  1,  1,  1,  2,  0,  0,  1,  2,  0,  0,  0,  2,  2,  2,  1,  2,  0,  0,  1,  2,  1,  1,  1,  1,  1,  0,  0,  1,  2,  2,  1,  0,  2,  1,  1,  0,  1,  2,  0,  1,  0,  2,  1,  3,  0,  0,  1,  2,  1,  0,  0,  2,  0,  1,  1,  0,  1,  2,  0,  0,  1,  2,   ,  1,  1,  2,  1,  2,  1,  2,  3,  1,  1,  2,  3,  3,  2,  1,  1,
139,  1,  1,  2,  1,  2,  2,  2,  2,  1,  1,  2,  2,  1,  1,  1,  1,  2,  1,  0,  0,  0,  0,  1,  1,  1,  1,  0,  1,  0,  0,  2,  0,  0,  0,  0,  2,  0,  0,  0,  0,  2,  1,  2,  0,  1,  1,  0,  1,  1,  1,  1,  0,  1,  1,  1,  1,  0,  1,  0,  1,  0,  1,  1,  0,  1,  1,  1,  1,  0,  1,  0,  2,  0,  1,  2,  2,  1,  3,  0,  1,  0,  1,  1,  2,  0,  0,  1,  1,  0,  0,  2,  1,  1,  1,  1,  0,  1,  0,  1,  3,  0,  1,  0,  0,  0,  0,  1,  1,  2,  2,  1,  2,  1,  3,  1,  2,  0,  0,  2,  3,  0,  2,  0,  1,  0,  0,  1,  1,  1,  2,  2,  0,  1,  0,  2,  1,  0,  1,   ,  1,  1,  3,  2,  1,  2,  1,  3,  2,  3,  1,  2,  2,  1,  2,
140,  2,  3,  1,  1,  2,  0,  2,  2,  0,  2,  2,  1,  0,  1,  1,  1,  0,  1,  1,  0,  2,  0,  0,  1,  0,  0,  2,  1,  0,  1,  0,  2,  1,  0,  2,  0,  1,  1,  1,  2,  0,  1,  2,  1,  0,  0,  2,  1,  1,  1,  1,  0,  2,  1,  2,  1,  0,  1,  1,  0,  3,  0,  0,  0,  1,  2,  0,  0,  1,  0,  1,  0,  0,  1,  2,  1,  0,  1,  1,  1,  0,  0,  1,  0,  0,  2,  0,  3,  0,  1,  3,  1,  0,  2,  2,  1,  2,  3,  1,  2,  0,  1,  0,  0,  2,  0,  0,  0,  1,  0,  0,  1,  1,  2,  3,  1,  1,  0,  1,  1,  1,  1,  1,  0,  1,  0,  2,  0,  1,  2,  0,  2,  2,  1,  1,  0,  1,  1,  1,   ,  1,  2,  2,  2,  2,  2,  2,  1,  2,  1,  1,  3,  2,  2,
141,  0,  1,  2,  3,  1,  2,  2,  2,  1,  0,  1,  1,  1,  0,  1,  1,  1,  1,  2,  2,  0,  1,  0,  2,  1,  0,  1,  1,  1,  1,  1,  1,  0,  1,  0,  1,  0,  1,  0,  1,  1,  0,  1,  1,  1,  1,  0,  1,  0,  2,  0,  0,  0,  0,  1,  2,  2,  1,  0,  0,  1,  2,  0,  1,  0,  2,  2,  1,  0,  1,  1,  0,  1,  1,  1,  2,  0,  1,  1,  0,  1,  2,  1,  0,  2,  1,  1,  2,  1,  2,  1,  0,  0,  3,  1,  1,  2,  0,  2,  1,  2,  1,  1,  0,  0,  1,  0,  1,  0,  1,  1,  1,  0,  1,  1,  1,  1,  0,  2,  1,  2,  2,  0,  0,  1,  1,  1,  1,  0,  1,  0,  1,  1,  2,  0,  1,  1,  2,  1,  1,   ,  1,  1,  1,  1,  1,  1,  2,  3,  2,  2,  1,  1,  2,
142,  1,  2,  1,  1,  2,  1,  2,  1,  1,  2,  1,  2,  1,  2,  1,  2,  2,  1,  1,  0,  0,  0,  1,  1,  1,  1,  1,  1,  0,  0,  2,  0,  0,  0,  1,  1,  0,  1,  1,  1,  1,  1,  0,  0,  2,  0,  0,  2,  0,  0,  1,  0,  1,  0,  1,  2,  0,  1,  2,  1,  2,  0,  0,  0,  2,  1,  1,  1,  2,  0,  1,  2,  0,  1,  2,  2,  1,  2,  1,  2,  0,  1,  0,  0,  1,  0,  1,  1,  0,  0,  2,  2,  2,  2,  1,  1,  1,  0,  1,  2,  0,  0,  0,  2,  1,  0,  1,  1,  0,  1,  0,  2,  1,  3,  2,  2,  1,  1,  3,  2,  0,  1,  0,  0,  0,  0,  1,  2,  0,  3,  1,  1,  2,  1,  1,  0,  0,  1,  3,  2,  1,   ,  1,  1,  1,  1,  3,  1,  2,  2,  2,  4,  1,  1,
143,  1,  1,  3,  1,  2,  1,  1,  3,  2,  0,  3,  1,  1,  0,  0,  0,  2,  0,  0,  1,  1,  0,  0,  1,  0,  1,  1,  1,  3,  1,  0,  2,  1,  1,  0,  1,  1,  0,  0,  1,  0,  0,  1,  0,  0,  0,  2,  0,  2,  0,  1,  0,  1,  3,  1,  1,  1,  0,  1,  0,  0,  0,  1,  1,  0,  1,  0,  1,  1,  0,  1,  0,  1,  1,  1,  0,  1,  2,  1,  0,  1,  1,  1,  0,  0,  2,  2,  2,  0,  0,  1,  1,  2,  1,  1,  0,  0,  1,  2,  1,  1,  2,  1,  1,  0,  1,  0,  0,  1,  1,  0,  4,  2,  1,  2,  0,  1,  2,  1,  1,  1,  1,  0,  0,  0,  1,  3,  1,  2,  1,  2,  0,  2,  1,  1,  1,  0,  2,  2,  2,  1,  1,   ,  1,  1,  2,  1,  2,  1,  1,  1,  2,  2,  2,
144,  0,  2,  1,  2,  3,  1,  1,  1,  0,  2,  2,  1,  0,  1,  1,  1,  0,  2,  1,  0,  1,  1,  1,  0,  0,  0,  1,  0,  0,  1,  0,  1,  2,  1,  1,  1,  0,  2,  3,  1,  1,  1,  2,  0,  2,  1,  1,  0,  2,  0,  2,  2,  2,  1,  1,  0,  1,  1,  0,  1,  1,  1,  0,  1,  0,  0,  0,  0,  1,  0,  0,  0,  0,  2,  1,  0,  1,  2,  0,  0,  1,  0,  1,  0,  1,  1,  0,  2,  1,  3,  2,  1,  0,  1,  1,  0,  2,  0,  0,  2,  1,  0,  1,  1,  1,  1,  1,  0,  2,  0,  3,  1,  0,  0,  3,  1,  0,  0,  1,  1,  2,  0,  1,  1,  2,  1,  2,  0,  0,  1,  2,  3,  2,  0,  0,  0,  0,  1,  1,  2,  1,  1,  1,   ,  1,  2,  2,  2,  1,  1,  2,  1,  4,  2,
145,  1,  2,  1,  2,  2,  0,  3,  2,  0,  1,  1,  1,  0,  1,  1,  1,  0,  1,  0,  1,  1,  0,  2,  1,  1,  0,  0,  1,  0,  2,  1,  0,  1,  0,  1,  0,  2,  1,  0,  1,  1,  2,  1,  2,  0,  1,  0,  2,  2,  2,  1,  0,  0,  1,  0,  0,  0,  1,  0,  2,  0,  0,  1,  1,  1,  0,  1,  0,  0,  2,  0,  2,  1,  2,  1,  0,  1,  1,  0,  1,  2,  0,  1,  2,  0,  2,  1,  1,  0,  0,  2,  0,  0,  2,  3,  0,  1,  1,  0,  2,  0,  2,  0,  0,  1,  0,  1,  1,  2,  1,  1,  1,  2,  0,  1,  2,  0,  1,  1,  0,  0,  0,  1,  1,  1,  0,  1,  1,  3,  2,  0,  0,  2,  0,  1,  2,  1,  2,  2,  2,  1,  1,  1,  1,   ,  2,  1,  2,  2,  1,  2,  1,  2,  2,
146,  1,  1,  1,  3,  1,  1,  1,  3,  0,  2,  1,  1,  0,  0,  2,  0,  0,  1,  1,  1,  3,  1,  1,  0,  1,  2,  1,  1,  0,  0,  1,  1,  2,  2,  0,  1,  2,  2,  1,  2,  0,  0,  0,  0,  1,  1,  2,  1,  1,  0,  1,  1,  0,  0,  1,  0,  0,  1,  1,  0,  0,  1,  2,  0,  1,  1,  1,  0,  0,  0,  1,  0,  1,  4,  0,  0,  0,  1,  1,  0,  0,  1,  1,  0,  1,  2,  1,  2,  2,  0,  2,  1,  1,  1,  2,  1,  0,  1,  1,  1,  0,  1,  2,  0,  2,  1,  0,  2,  2,  0,  1,  1,  1,  0,  3,  0,  1,  0,  2,  0,  2,  0,  2,  0,  0,  1,  2,  0,  1,  1,  0,  1,  3,  2,  1,  1,  2,  3,  1,  2,  1,  1,  2,  2,  2,   ,  1,  1,  1,  1,  3,  1,  2,  1,
147,  0,  1,  2,  1,  3,  1,  1,  1,  2,  2,  3,  1,  1,  2,  1,  1,  1,  1,  2,  0,  0,  1,  0,  0,  1,  1,  1,  1,  0,  0,  1,  0,  1,  0,  2,  1,  1,  1,  0,  1,  2,  1,  1,  0,  0,  0,  0,  1,  1,  1,  3,  1,  0,  1,  2,  0,  0,  3,  1,  0,  1,  0,  1,  0,  2,  1,  0,  1,  0,  0,  1,  2,  0,  1,  2,  2,  1,  2,  1,  3,  1,  1,  0,  0,  0,  0,  0,  1,  1,  1,  3,  1,  1,  1,  1,  1,  2,  1,  1,  3,  0,  0,  1,  0,  1,  0,  2,  2,  0,  1,  0,  1,  1,  2,  1,  1,  1,  0,  2,  3,  0,  0,  1,  1,  0,  1,  2,  2,  0,  3,  1,  1,  1,  1,  1,  0,  0,  1,  3,  2,  1,  3,  1,  2,  1,  1,   ,  1,  1,  1,  2,  2,  2,  1,
148,  0,  1,  2,  2,  1,  2,  2,  1,  0,  1,  2,  2,  1,  0,  0,  2,  1,  1,  0,  0,  1,  0,  0,  1,  1,  0,  0,  0,  0,  0,  0,  0,  1,  1,  1,  2,  2,  1,  1,  0,  1,  0,  2,  2,  0,  0,  0,  0,  2,  1,  0,  1,  1,  3,  0,  1,  1,  0,  0,  1,  1,  2,  1,  0,  0,  1,  0,  0,  0,  3,  1,  1,  0,  1,  0,  1,  1,  2,  0,  0,  1,  2,  1,  2,  0,  2,  1,  2,  1,  0,  1,  0,  0,  1,  2,  0,  0,  0,  1,  2,  0,  2,  1,  0,  0,  2,  2,  0,  1,  0,  1,  2,  0,  2,  1,  0,  0,  1,  1,  1,  0,  2,  1,  0,  1,  1,  1,  1,  1,  3,  1,  0,  2,  1,  0,  2,  0,  1,  2,  1,  2,  1,  2,  2,  2,  1,  1,   ,  1,  1,  2,  1,  1,  2,
149,  2,  2,  2,  1,  1,  1,  3,  3,  0,  1,  1,  1,  0,  0,  2,  0,  1,  3,  1,  1,  0,  0,  1,  3,  1,  1,  2,  0,  1,  0,  1,  0,  0,  0,  0,  1,  0,  0,  0,  0,  1,  0,  1,  1,  2,  1,  0,  0,  0,  2,  0,  0,  1,  0,  0,  2,  0,  0,  0,  1,  1,  1,  0,  1,  1,  0,  1,  2,  0,  1,  0,  1,  1,  1,  2,  3,  0,  2,  0,  0,  0,  1,  1,  2,  0,  0,  1,  2,  0,  1,  1,  0,  0,  3,  1,  0,  1,  0,  2,  2,  1,  1,  1,  0,  1,  0,  0,  1,  1,  1,  1,  1,  0,  1,  2,  1,  0,  0,  2,  1,  0,  2,  0,  1,  1,  1,  1,  0,  0,  2,  1,  2,  1,  1,  1,  1,  1,  2,  3,  2,  3,  2,  1,  1,  2,  1,  1,  1,   ,  2,  1,  2,  1,  2,
150,  0,  3,  2,  1,  1,  2,  2,  1,  1,  0,  2,  0,  1,  2,  2,  0,  3,  1,  1,  2,  1,  2,  1,  1,  2,  0,  0,  0,  0,  1,  1,  1,  1,  0,  0,  0,  0,  1,  1,  1,  1,  1,  0,  1,  1,  1,  1,  1,  0,  0,  0,  1,  0,  0,  0,  0,  2,  0,  3,  1,  1,  0,  1,  1,  0,  0,  1,  2,  1,  0,  1,  1,  1,  2,  0,  1,  1,  2,  1,  0,  0,  0,  1,  0,  1,  0,  1,  2,  1,  1,  2,  3,  1,  1,  2,  0,  1,  2,  2,  1,  1,  0,  0,  3,  1,  1,  0,  1,  0,  1,  0,  1,  0,  0,  1,  1,  0,  1,  4,  1,  1,  1,  1,  2,  0,  0,  1,  0,  1,  1,  0,  1,  1,  1,  0,  0,  2,  3,  1,  1,  2,  2,  1,  1,  1,  1,  1,  1,  2,   ,  1,  1,  1,  1,
151,  1,  1,  1,  4,  1,  0,  2,  2,  0,  3,  1,  1,  1,  0,  1,  1,  1,  1,  0,  2,  1,  2,  1,  0,  2,  1,  1,  2,  0,  0,  3,  1,  2,  1,  1,  1,  1,  2,  1,  1,  3,  1,  0,  0,  0,  0,  0,  2,  0,  0,  2,  0,  0,  0,  1,  0,  0,  3,  0,  0,  0,  1,  1,  0,  2,  2,  1,  0,  0,  0,  0,  1,  0,  2,  1,  0,  0,  1,  2,  1,  0,  2,  1,  0,  1,  0,  1,  2,  2,  1,  2,  1,  0,  2,  2,  2,  0,  0,  0,  2,  1,  0,  1,  0,  2,  1,  0,  2,  1,  1,  2,  1,  2,  1,  1,  1,  1,  0,  3,  1,  1,  0,  2,  0,  0,  0,  1,  2,  1,  1,  1,  0,  3,  0,  1,  1,  1,  3,  2,  1,  2,  2,  1,  2,  2,  3,  2,  2,  1,  1,   ,  1,  1,  1,
152,  2,  2,  1,  1,  3,  1,  2,  1,  2,  2,  1,  2,  2,  1,  0,  3,  0,  1,  1,  1,  1,  0,  0,  1,  0,  1,  2,  0,  1,  1,  0,  2,  1,  0,  2,  1,  0,  0,  2,  0,  0,  0,  0,  0,  1,  0,  1,  0,  0,  0,  0,  0,  2,  0,  1,  2,  0,  0,  1,  0,  2,  0,  0,  0,  1,  1,  0,  0,  2,  0,  1,  1,  0,  1,  2,  2,  2,  1,  2,  1,  0,  0,  1,  0,  1,  0,  1,  2,  0,  0,  2,  0,  1,  2,  2,  2,  1,  1,  0,  1,  0,  0,  0,  2,  1,  0,  1,  0,  0,  1,  0,  2,  1,  3,  2,  1,  3,  1,  1,  1,  0,  1,  0,  0,  1,  0,  2,  1,  0,  3,  1,  1,  2,  0,  0,  0,  1,  2,  2,  3,  1,  4,  2,  1,  1,  1,  2,  1,  2,  1,  1,   ,  1,  1,
153,  0,  1,  1,  1,  4,  1,  1,  2,  1,  1,  2,  1,  0,  0,  1,  0,  0,  1,  1,  0,  1,  1,  1,  0,  0,  0,  1,  1,  1,  1,  0,  1,  1,  1,  0,  1,  1,  1,  2,  1,  0,  1,  2,  0,  1,  0,  2,  1,  3,  0,  2,  2,  1,  2,  0,  0,  1,  1,  0,  0,  1,  0,  0,  2,  0,  0,  0,  0,  2,  1,  0,  0,  2,  2,  1,  0,  2,  2,  0,  0,  2,  1,  0,  0,  1,  1,  1,  1,  0,  2,  2,  0,  1,  2,  2,  0,  1,  0,  0,  2,  2,  0,  1,  0,  1,  1,  1,  0,  2,  1,  1,  2,  2,  0,  2,  1,  0,  2,  1,  1,  1,  0,  0,  0,  1,  1,  2,  1,  1,  1,  1,  3,  1,  0,  1,  0,  0,  1,  1,  2,  1,  1,  2,  4,  2,  2,  2,  1,  1,  1,  1,  1,   ,  1,
154,  1,  3,  3,  1,  1,  1,  1,  2,  0,  0,  2,  1,  1,  2,  0,  0,  1,  0,  0,  0,  0,  0,  2,  0,  1,  0,  1,  1,  1,  2,  0,  0,  0,  1,  1,  0,  0,  0,  0,  1,  0,  2,  2,  2,  2,  1,  0,  1,  1,  3,  1,  1,  2,  1,  1,  3,  0,  0,  0,  2,  0,  1,  1,  2,  1,  0,  0,  1,  1,  1,  0,  0,  1,  1,  0,  0,  0,  2,  0,  1,  1,  1,  3,  0,  1,  1,  1,  2,  0,  1,  2,  1,  0,  2,  1,  0,  2,  1,  2,  1,  1,  0,  1,  1,  1,  0,  1,  0,  2,  0,  2,  3,  1,  1,  2,  1,  0,  1,  1,  2,  1,  1,  1,  1,  2,  1,  1,  0,  2,  1,  1,  1,  2,  1,  0,  1,  0,  1,  2,  2,  2,  1,  2,  2,  2,  1,  1,  2,  2,  1,  1,  1,  1,   ,
